{
  "type": "FeatureCollection",
  "generator": "overpass-turbo",
  "copyright": "The data included in this document is from www.openstreetmap.org. The data is made available under ODbL.",
  "timestamp": "2026-07-20T13:27:02Z",
  "features": [
    {
      "type": "Feature",
      "properties": {
        "@id": "way/327266179",
        "barrier": "wall"
      },
      "geometry": {
        "type": "Polygon",
        "coordinates": [
          [
            [
              38.1087835,
              -2.8654529
            ],
            [
              38.1087805,
              -2.8653398
            ],
            [
              38.1086486,
              -2.8653432
            ],
            [
              38.1086516,
              -2.8654564
            ],
            [
              38.1086998,
              -2.8654551
            ],
            [
              38.1087835,
              -2.8654529
            ]
          ]
        ]
      },
      "id": "way/327266179"
    },
    {
      "type": "Feature",
      "properties": {
        "@id": "way/327408494",
        "barrier": "wall"
      },
      "geometry": {
        "type": "Polygon",
        "coordinates": [
          [
            [
              38.3835962,
              -2.9298899
            ],
            [
              38.3834793,
              -2.9299372
            ],
            [
              38.3835817,
              -2.9301895
            ],
            [
              38.3838209,
              -2.9300927
            ],
            [
              38.3837185,
              -2.9298404
            ],
            [
              38.3835962,
              -2.9298899
            ]
          ]
        ]
      },
      "id": "way/327408494"
    },
    {
      "type": "Feature",
      "properties": {
        "@id": "way/665871792",
        "barrier": "wall"
      },
      "geometry": {
        "type": "Polygon",
        "coordinates": [
          [
            [
              37.1230864,
              -3.1413935
            ],
            [
              37.1228611,
              -3.1411632
            ],
            [
              37.1227485,
              -3.141273
            ],
            [
              37.1229738,
              -3.1415033
            ],
            [
              37.1230864,
              -3.1413935
            ]
          ]
        ]
      },
      "id": "way/665871792"
    },
    {
      "type": "Feature",
      "properties": {
        "@id": "way/715162249",
        "area": "yes",
        "barrier": "wall"
      },
      "geometry": {
        "type": "Polygon",
        "coordinates": [
          [
            [
              37.6216137,
              -3.0567148
            ],
            [
              37.6215808,
              -3.05697
            ],
            [
              37.6218385,
              -3.0569774
            ],
            [
              37.621847,
              -3.056737
            ],
            [
              37.6216137,
              -3.0567148
            ]
          ]
        ]
      },
      "id": "way/715162249"
    },
    {
      "type": "Feature",
      "properties": {
        "@id": "way/848974038",
        "barrier": "wall"
      },
      "geometry": {
        "type": "Polygon",
        "coordinates": [
          [
            [
              37.6327065,
              -2.3618784
            ],
            [
              37.63274,
              -2.3619146
            ],
            [
              37.6332056,
              -2.3619704
            ],
            [
              37.6332781,
              -2.3619369
            ],
            [
              37.6333311,
              -2.3617781
            ],
            [
              37.6334008,
              -2.36165
            ],
            [
              37.6333143,
              -2.361494
            ],
            [
              37.6332614,
              -2.3612823
            ],
            [
              37.6331498,
              -2.3610928
            ],
            [
              37.6330383,
              -2.3610148
            ],
            [
              37.632924,
              -2.3610399
            ],
            [
              37.6326758,
              -2.3613436
            ],
            [
              37.6326284,
              -2.3615191
            ],
            [
              37.6326647,
              -2.3616124
            ],
            [
              37.6325783,
              -2.3616695
            ],
            [
              37.6325532,
              -2.3617336
            ],
            [
              37.6325643,
              -2.3618283
            ],
            [
              37.6326061,
              -2.3618701
            ],
            [
              37.6327065,
              -2.3618784
            ]
          ]
        ]
      },
      "id": "way/848974038"
    },
    {
      "type": "Feature",
      "properties": {
        "@id": "way/848974044",
        "barrier": "wall"
      },
      "geometry": {
        "type": "Polygon",
        "coordinates": [
          [
            [
              37.6340731,
              -2.3598414
            ],
            [
              37.6339528,
              -2.3598744
            ],
            [
              37.6339581,
              -2.3599498
            ],
            [
              37.6339858,
              -2.360037
            ],
            [
              37.634044,
              -2.360148
            ],
            [
              37.6340798,
              -2.3600912
            ],
            [
              37.6341062,
              -2.3600727
            ],
            [
              37.6341327,
              -2.3600714
            ],
            [
              37.6342041,
              -2.3600079
            ],
            [
              37.6342292,
              -2.35993
            ],
            [
              37.6342147,
              -2.3598863
            ],
            [
              37.634179,
              -2.3598599
            ],
            [
              37.6341393,
              -2.3598559
            ],
            [
              37.6340996,
              -2.3598163
            ],
            [
              37.6340731,
              -2.3598414
            ]
          ]
        ]
      },
      "id": "way/848974044"
    },
    {
      "type": "Feature",
      "properties": {
        "@id": "way/849011861",
        "barrier": "wall"
      },
      "geometry": {
        "type": "Polygon",
        "coordinates": [
          [
            [
              37.6843126,
              -2.3078744
            ],
            [
              37.6842179,
              -2.3077419
            ],
            [
              37.6841453,
              -2.3076757
            ],
            [
              37.6840727,
              -2.307764
            ],
            [
              37.6838706,
              -2.3078996
            ],
            [
              37.6839085,
              -2.3080384
            ],
            [
              37.6839622,
              -2.3080921
            ],
            [
              37.68406,
              -2.308294
            ],
            [
              37.6841074,
              -2.3083223
            ],
            [
              37.6841421,
              -2.3083917
            ],
            [
              37.6842305,
              -2.3084391
            ],
            [
              37.6844041,
              -2.3084769
            ],
            [
              37.6844578,
              -2.3085179
            ],
            [
              37.6846093,
              -2.3084485
            ],
            [
              37.6846535,
              -2.3085085
            ],
            [
              37.6846788,
              -2.3083791
            ],
            [
              37.6843126,
              -2.3078744
            ]
          ]
        ]
      },
      "id": "way/849011861"
    },
    {
      "type": "Feature",
      "properties": {
        "@id": "way/849366810",
        "barrier": "wall"
      },
      "geometry": {
        "type": "Polygon",
        "coordinates": [
          [
            [
              37.6638025,
              -2.2413155
            ],
            [
              37.663738,
              -2.2413646
            ],
            [
              37.6637007,
              -2.2414324
            ],
            [
              37.6637109,
              -2.2414866
            ],
            [
              37.6637872,
              -2.2415426
            ],
            [
              37.6638754,
              -2.2415663
            ],
            [
              37.6639246,
              -2.241551
            ],
            [
              37.6639399,
              -2.2415053
            ],
            [
              37.66395,
              -2.2414121
            ],
            [
              37.6639212,
              -2.2413494
            ],
            [
              37.66385,
              -2.2413239
            ],
            [
              37.6638025,
              -2.2413155
            ]
          ]
        ]
      },
      "id": "way/849366810"
    },
    {
      "type": "Feature",
      "properties": {
        "@id": "way/849366811",
        "area": "yes",
        "barrier": "wall"
      },
      "geometry": {
        "type": "Polygon",
        "coordinates": [
          [
            [
              37.6633937,
              -2.2409918
            ],
            [
              37.6632139,
              -2.2412866
            ],
            [
              37.6636278,
              -2.2415341
            ],
            [
              37.6637278,
              -2.2413121
            ],
            [
              37.6637295,
              -2.2412561
            ],
            [
              37.6636871,
              -2.2411968
            ],
            [
              37.6633937,
              -2.2409918
            ]
          ]
        ]
      },
      "id": "way/849366811"
    },
    {
      "type": "Feature",
      "properties": {
        "@id": "way/849366814",
        "barrier": "wall"
      },
      "geometry": {
        "type": "Polygon",
        "coordinates": [
          [
            [
              37.6654964,
              -2.2374212
            ],
            [
              37.6654123,
              -2.2374528
            ],
            [
              37.6653527,
              -2.2375333
            ],
            [
              37.6653562,
              -2.237643
            ],
            [
              37.6653983,
              -2.2377388
            ],
            [
              37.6654824,
              -2.2377563
            ],
            [
              37.6655513,
              -2.2377469
            ],
            [
              37.665605,
              -2.2377119
            ],
            [
              37.6656413,
              -2.2376699
            ],
            [
              37.66566,
              -2.2375497
            ],
            [
              37.6656074,
              -2.2374808
            ],
            [
              37.6655665,
              -2.2374423
            ],
            [
              37.6654964,
              -2.2374212
            ]
          ]
        ]
      },
      "id": "way/849366814"
    },
    {
      "type": "Feature",
      "properties": {
        "@id": "way/850495399",
        "barrier": "wall"
      },
      "geometry": {
        "type": "Polygon",
        "coordinates": [
          [
            [
              37.6941725,
              -2.228705
            ],
            [
              37.6940986,
              -2.2287539
            ],
            [
              37.6941366,
              -2.2288462
            ],
            [
              37.6942203,
              -2.2288386
            ],
            [
              37.6942138,
              -2.2287712
            ],
            [
              37.6941725,
              -2.228705
            ]
          ]
        ]
      },
      "id": "way/850495399"
    },
    {
      "type": "Feature",
      "properties": {
        "@id": "way/850673422",
        "barrier": "wall"
      },
      "geometry": {
        "type": "Polygon",
        "coordinates": [
          [
            [
              37.7668932,
              -2.5026449
            ],
            [
              37.7668218,
              -2.5027752
            ],
            [
              37.7668242,
              -2.5028613
            ],
            [
              37.76694,
              -2.5029032
            ],
            [
              37.7670311,
              -2.5028343
            ],
            [
              37.7670483,
              -2.5027605
            ],
            [
              37.7669326,
              -2.5026473
            ],
            [
              37.7668932,
              -2.5026449
            ]
          ]
        ]
      },
      "id": "way/850673422"
    },
    {
      "type": "Feature",
      "properties": {
        "@id": "way/850674063",
        "barrier": "wall"
      },
      "geometry": {
        "type": "Polygon",
        "coordinates": [
          [
            [
              37.9269019,
              -2.6807111
            ],
            [
              37.9268617,
              -2.6807225
            ],
            [
              37.9268493,
              -2.680776
            ],
            [
              37.9268772,
              -2.6808101
            ],
            [
              37.9269143,
              -2.6807925
            ],
            [
              37.926936,
              -2.68074
            ],
            [
              37.9269019,
              -2.6807111
            ]
          ]
        ]
      },
      "id": "way/850674063"
    },
    {
      "type": "Feature",
      "properties": {
        "@id": "way/850968957",
        "barrier": "wall"
      },
      "geometry": {
        "type": "Polygon",
        "coordinates": [
          [
            [
              37.6334041,
              -2.3223178
            ],
            [
              37.6333156,
              -2.3224089
            ],
            [
              37.6332217,
              -2.3225161
            ],
            [
              37.6332325,
              -2.3225804
            ],
            [
              37.6333237,
              -2.3226769
            ],
            [
              37.63338,
              -2.3227788
            ],
            [
              37.6334336,
              -2.3228297
            ],
            [
              37.6335382,
              -2.32276
            ],
            [
              37.6336724,
              -2.3226099
            ],
            [
              37.6335382,
              -2.3224009
            ],
            [
              37.6334041,
              -2.3223178
            ]
          ]
        ]
      },
      "id": "way/850968957"
    },
    {
      "type": "Feature",
      "properties": {
        "@id": "way/852203581",
        "barrier": "wall"
      },
      "geometry": {
        "type": "Polygon",
        "coordinates": [
          [
            [
              37.8213624,
              -2.3045405
            ],
            [
              37.8213239,
              -2.3045761
            ],
            [
              37.8213443,
              -2.3045982
            ],
            [
              37.8213829,
              -2.3045627
            ],
            [
              37.8213624,
              -2.3045405
            ]
          ]
        ]
      },
      "id": "way/852203581"
    },
    {
      "type": "Feature",
      "properties": {
        "@id": "way/852203582",
        "barrier": "wall"
      },
      "geometry": {
        "type": "Polygon",
        "coordinates": [
          [
            [
              37.8214039,
              -2.3045917
            ],
            [
              37.8213828,
              -2.3046109
            ],
            [
              37.8214065,
              -2.3046368
            ],
            [
              37.8214276,
              -2.3046176
            ],
            [
              37.8214039,
              -2.3045917
            ]
          ]
        ]
      },
      "id": "way/852203582"
    },
    {
      "type": "Feature",
      "properties": {
        "@id": "way/852203583",
        "barrier": "wall"
      },
      "geometry": {
        "type": "Polygon",
        "coordinates": [
          [
            [
              37.8214534,
              -2.3045656
            ],
            [
              37.8214283,
              -2.3045839
            ],
            [
              37.8214532,
              -2.304618
            ],
            [
              37.8214783,
              -2.3045997
            ],
            [
              37.8214534,
              -2.3045656
            ]
          ]
        ]
      },
      "id": "way/852203583"
    },
    {
      "type": "Feature",
      "properties": {
        "@id": "way/852203584",
        "barrier": "wall"
      },
      "geometry": {
        "type": "Polygon",
        "coordinates": [
          [
            [
              37.8214881,
              -2.3045176
            ],
            [
              37.8215081,
              -2.3045479
            ],
            [
              37.8215311,
              -2.3045326
            ],
            [
              37.8215112,
              -2.3045024
            ],
            [
              37.8214881,
              -2.3045176
            ]
          ]
        ]
      },
      "id": "way/852203584"
    },
    {
      "type": "Feature",
      "properties": {
        "@id": "way/852203585",
        "barrier": "wall"
      },
      "geometry": {
        "type": "Polygon",
        "coordinates": [
          [
            [
              37.8213084,
              -2.304451
            ],
            [
              37.8212801,
              -2.3044825
            ],
            [
              37.8213145,
              -2.3045135
            ],
            [
              37.8213429,
              -2.304482
            ],
            [
              37.8213084,
              -2.304451
            ]
          ]
        ]
      },
      "id": "way/852203585"
    },
    {
      "type": "Feature",
      "properties": {
        "@id": "way/852203586",
        "barrier": "wall"
      },
      "geometry": {
        "type": "Polygon",
        "coordinates": [
          [
            [
              37.8213515,
              -2.3043712
            ],
            [
              37.821321,
              -2.3043962
            ],
            [
              37.8213486,
              -2.3044298
            ],
            [
              37.8213791,
              -2.3044048
            ],
            [
              37.8213515,
              -2.3043712
            ]
          ]
        ]
      },
      "id": "way/852203586"
    },
    {
      "type": "Feature",
      "properties": {
        "@id": "way/852203587",
        "barrier": "wall"
      },
      "geometry": {
        "type": "Polygon",
        "coordinates": [
          [
            [
              37.8208364,
              -2.305313
            ],
            [
              37.8207892,
              -2.3053382
            ],
            [
              37.8207992,
              -2.305357
            ],
            [
              37.8208464,
              -2.3053319
            ],
            [
              37.8208364,
              -2.305313
            ]
          ]
        ]
      },
      "id": "way/852203587"
    },
    {
      "type": "Feature",
      "properties": {
        "@id": "way/894689920",
        "barrier": "wall"
      },
      "geometry": {
        "type": "Polygon",
        "coordinates": [
          [
            [
              37.7773006,
              -3.1680715
            ],
            [
              37.7772792,
              -3.1681104
            ],
            [
              37.7773087,
              -3.1681318
            ],
            [
              37.7772979,
              -3.1681532
            ],
            [
              37.7772912,
              -3.1681666
            ],
            [
              37.7772604,
              -3.1681653
            ],
            [
              37.7772376,
              -3.1681921
            ],
            [
              37.7769747,
              -3.1688268
            ],
            [
              37.7771169,
              -3.1689567
            ],
            [
              37.7783346,
              -3.1698016
            ],
            [
              37.7791353,
              -3.1681599
            ],
            [
              37.7784955,
              -3.1678399
            ],
            [
              37.7780811,
              -3.1676872
            ],
            [
              37.7774884,
              -3.1676725
            ],
            [
              37.7773006,
              -3.1680715
            ]
          ]
        ]
      },
      "id": "way/894689920"
    },
    {
      "type": "Feature",
      "properties": {
        "@id": "way/1153497858",
        "barrier": "wall"
      },
      "geometry": {
        "type": "Polygon",
        "coordinates": [
          [
            [
              36.7867283,
              -1.9723208
            ],
            [
              36.7866676,
              -1.9723861
            ],
            [
              36.7867341,
              -1.9724479
            ],
            [
              36.7867949,
              -1.9723826
            ],
            [
              36.7867283,
              -1.9723208
            ]
          ]
        ]
      },
      "id": "way/1153497858"
    },
    {
      "type": "Feature",
      "properties": {
        "@id": "way/1305579208",
        "barrier": "wall"
      },
      "geometry": {
        "type": "Polygon",
        "coordinates": [
          [
            [
              37.083449,
              -2.0192043
            ],
            [
              37.0833715,
              -2.0192066
            ],
            [
              37.0833745,
              -2.0193017
            ],
            [
              37.0834519,
              -2.0192993
            ],
            [
              37.083449,
              -2.0192043
            ]
          ]
        ]
      },
      "id": "way/1305579208"
    },
    {
      "type": "Feature",
      "properties": {
        "@id": "way/1306068380",
        "barrier": "wall"
      },
      "geometry": {
        "type": "Polygon",
        "coordinates": [
          [
            [
              36.9814881,
              -1.9485795
            ],
            [
              36.9814055,
              -1.9485449
            ],
            [
              36.9813635,
              -1.9486452
            ],
            [
              36.9814461,
              -1.9486798
            ],
            [
              36.9814881,
              -1.9485795
            ]
          ]
        ]
      },
      "id": "way/1306068380"
    },
    {
      "type": "Feature",
      "properties": {
        "@id": "way/1526868766",
        "barrier": "wall",
        "source": "Mapbox imagery (retreived 2026-06)"
      },
      "geometry": {
        "type": "Polygon",
        "coordinates": [
          [
            [
              37.9359707,
              -2.4068018
            ],
            [
              37.9363221,
              -2.4068976
            ],
            [
              37.93642,
              -2.4064923
            ],
            [
              37.9357883,
              -2.4063361
            ],
            [
              37.9356918,
              -2.4067241
            ],
            [
              37.9359707,
              -2.4068018
            ]
          ]
        ]
      },
      "id": "way/1526868766"
    },
    {
      "type": "Feature",
      "properties": {
        "@id": "way/1526868777",
        "barrier": "wall",
        "source": "Mapbox imagery (retreived 2026-06)"
      },
      "geometry": {
        "type": "Polygon",
        "coordinates": [
          [
            [
              37.9352908,
              -2.406166
            ],
            [
              37.9333207,
              -2.4056501
            ],
            [
              37.9332375,
              -2.4059556
            ],
            [
              37.9331598,
              -2.4062584
            ],
            [
              37.9351473,
              -2.4067931
            ],
            [
              37.9351661,
              -2.4066979
            ],
            [
              37.9352908,
              -2.406166
            ]
          ]
        ]
      },
      "id": "way/1526868777"
    },
    {
      "type": "Feature",
      "properties": {
        "@id": "way/159013405",
        "barrier": "fence",
        "fence_type": "electric",
        "name": "Ngulia Rhino Sanctuary",
        "source": "Bing"
      },
      "geometry": {
        "type": "LineString",
        "coordinates": [
          [
            38.2847481,
            -3.0156089
          ],
          [
            38.285753,
            -3.0151067
          ],
          [
            38.286932,
            -3.0145692
          ],
          [
            38.2886174,
            -3.013837
          ],
          [
            38.2922484,
            -3.012096
          ],
          [
            38.2941515,
            -3.0111758
          ],
          [
            38.2979926,
            -3.0091063
          ],
          [
            38.2997919,
            -3.0082216
          ],
          [
            38.3029959,
            -3.0067297
          ],
          [
            38.3110528,
            -3.0032196
          ],
          [
            38.3141264,
            -3.0016627
          ],
          [
            38.3155137,
            -3.0009075
          ],
          [
            38.3187386,
            -2.9991722
          ],
          [
            38.3197626,
            -2.9986969
          ],
          [
            38.3216394,
            -2.9977847
          ],
          [
            38.3277598,
            -2.9946144
          ],
          [
            38.327057,
            -2.9927921
          ],
          [
            38.3261481,
            -2.99047
          ],
          [
            38.3255892,
            -2.9889289
          ],
          [
            38.327568,
            -2.9847567
          ],
          [
            38.3297986,
            -2.9799098
          ],
          [
            38.3305702,
            -2.9782447
          ],
          [
            38.3309826,
            -2.9773258
          ],
          [
            38.332273,
            -2.9747218
          ],
          [
            38.3336878,
            -2.9718486
          ],
          [
            38.3341199,
            -2.9710949
          ],
          [
            38.3347917,
            -2.969959
          ],
          [
            38.3353172,
            -2.9689516
          ],
          [
            38.3358006,
            -2.9679507
          ],
          [
            38.3348449,
            -2.963644
          ],
          [
            38.3345678,
            -2.962455
          ],
          [
            38.3342529,
            -2.9608652
          ],
          [
            38.3333705,
            -2.9566625
          ],
          [
            38.3330202,
            -2.9548136
          ],
          [
            38.3327541,
            -2.9535293
          ],
          [
            38.3322974,
            -2.9512486
          ],
          [
            38.3294061,
            -2.951056
          ],
          [
            38.3228476,
            -2.9505976
          ],
          [
            38.3191316,
            -2.9502212
          ],
          [
            38.3170407,
            -2.9500108
          ],
          [
            38.3142847,
            -2.9491606
          ],
          [
            38.3120675,
            -2.9484963
          ],
          [
            38.3039148,
            -2.950033
          ],
          [
            38.2967466,
            -2.9514235
          ],
          [
            38.292055,
            -2.9522295
          ],
          [
            38.2913521,
            -2.952327
          ],
          [
            38.2881438,
            -2.952648
          ],
          [
            38.2842415,
            -2.953009
          ],
          [
            38.2808381,
            -2.9533367
          ],
          [
            38.2797206,
            -2.953423
          ],
          [
            38.2768759,
            -2.953454
          ],
          [
            38.2740119,
            -2.9534904
          ],
          [
            38.2719914,
            -2.953516
          ],
          [
            38.2668519,
            -2.9535802
          ],
          [
            38.2654728,
            -2.9536068
          ],
          [
            38.2552071,
            -2.9586996
          ],
          [
            38.2512184,
            -2.9607279
          ],
          [
            38.2457906,
            -2.9634757
          ],
          [
            38.241456,
            -2.9656767
          ],
          [
            38.2408383,
            -2.9659968
          ],
          [
            38.2405505,
            -2.9660848
          ],
          [
            38.237272,
            -2.9669387
          ],
          [
            38.2315507,
            -2.9683868
          ],
          [
            38.2242084,
            -2.9702284
          ],
          [
            38.2209424,
            -2.9710788
          ],
          [
            38.2185125,
            -2.9717204
          ],
          [
            38.2145214,
            -2.972713
          ],
          [
            38.2125259,
            -2.9732598
          ],
          [
            38.2113881,
            -2.9735813
          ],
          [
            38.2111956,
            -2.9736539
          ],
          [
            38.2111202,
            -2.9737381
          ],
          [
            38.2072903,
            -2.9809998
          ],
          [
            38.2098874,
            -2.9840329
          ],
          [
            38.2109115,
            -2.9849708
          ],
          [
            38.2117612,
            -2.9860261
          ],
          [
            38.2124699,
            -2.987097
          ],
          [
            38.2130202,
            -2.9881758
          ],
          [
            38.2135178,
            -2.9892129
          ],
          [
            38.2137561,
            -2.9898548
          ],
          [
            38.214007,
            -2.9912326
          ],
          [
            38.2140916,
            -2.992601
          ],
          [
            38.2145776,
            -2.9945362
          ],
          [
            38.2148034,
            -2.9968252
          ],
          [
            38.2150041,
            -2.9981027
          ],
          [
            38.2156061,
            -3.0021139
          ],
          [
            38.2157527,
            -3.0028876
          ],
          [
            38.2157305,
            -3.0035692
          ],
          [
            38.215882,
            -3.0042991
          ],
          [
            38.2163608,
            -3.0067539
          ],
          [
            38.2168436,
            -3.0097967
          ],
          [
            38.2169294,
            -3.0112806
          ],
          [
            38.2178987,
            -3.0263123
          ],
          [
            38.2181514,
            -3.0267662
          ],
          [
            38.2223841,
            -3.0291552
          ],
          [
            38.2243716,
            -3.0285077
          ],
          [
            38.2244189,
            -3.0285295
          ],
          [
            38.2244468,
            -3.028544
          ],
          [
            38.2238186,
            -3.0299033
          ],
          [
            38.2265974,
            -3.0314459
          ],
          [
            38.2277753,
            -3.0321138
          ],
          [
            38.2320165,
            -3.0344685
          ],
          [
            38.2329134,
            -3.034951
          ],
          [
            38.2332192,
            -3.0350606
          ],
          [
            38.2337381,
            -3.0349948
          ],
          [
            38.234511,
            -3.034677
          ],
          [
            38.2358725,
            -3.0339662
          ],
          [
            38.2370454,
            -3.033437
          ],
          [
            38.2374179,
            -3.0333374
          ],
          [
            38.2387992,
            -3.033116
          ],
          [
            38.2395797,
            -3.0330097
          ],
          [
            38.2401185,
            -3.0329831
          ],
          [
            38.2413623,
            -3.0330141
          ],
          [
            38.2428678,
            -3.0330075
          ],
          [
            38.2442846,
            -3.0329676
          ],
          [
            38.2453023,
            -3.0328326
          ],
          [
            38.2459054,
            -3.0326842
          ],
          [
            38.2463577,
            -3.0325292
          ],
          [
            38.2467479,
            -3.0323145
          ],
          [
            38.2489541,
            -3.0325314
          ],
          [
            38.2505682,
            -3.0323255
          ],
          [
            38.2518572,
            -3.0321822
          ],
          [
            38.2541276,
            -3.031808
          ],
          [
            38.2545732,
            -3.031777
          ],
          [
            38.2553182,
            -3.0317637
          ],
          [
            38.2569058,
            -3.0318102
          ],
          [
            38.2583469,
            -3.0318434
          ],
          [
            38.2602737,
            -3.0313098
          ],
          [
            38.2624022,
            -3.0307718
          ],
          [
            38.2654243,
            -3.03003
          ],
          [
            38.2663511,
            -3.0297998
          ],
          [
            38.2667332,
            -3.0296536
          ],
          [
            38.267103,
            -3.02948
          ],
          [
            38.2676814,
            -3.0291112
          ],
          [
            38.2680428,
            -3.0288388
          ],
          [
            38.2719185,
            -3.0257413
          ],
          [
            38.2746152,
            -3.0235778
          ],
          [
            38.2757194,
            -3.0227004
          ],
          [
            38.2778511,
            -3.0210128
          ],
          [
            38.2789382,
            -3.0201861
          ],
          [
            38.2806233,
            -3.018955
          ],
          [
            38.2816254,
            -3.0182265
          ],
          [
            38.2833041,
            -3.0167971
          ],
          [
            38.2836568,
            -3.0165106
          ],
          [
            38.2847481,
            -3.0156089
          ]
        ]
      },
      "id": "way/159013405"
    },
    {
      "type": "Feature",
      "properties": {
        "@id": "way/255715521",
        "barrier": "fence"
      },
      "geometry": {
        "type": "LineString",
        "coordinates": [
          [
            38.1592172,
            -2.6878721
          ],
          [
            38.1594658,
            -2.6877995
          ],
          [
            38.1595678,
            -2.6874994
          ],
          [
            38.1596697,
            -2.6873654
          ],
          [
            38.1588382,
            -2.6866527
          ],
          [
            38.1572181,
            -2.6882067
          ],
          [
            38.1578222,
            -2.6885868
          ],
          [
            38.1581071,
            -2.6882325
          ]
        ]
      },
      "id": "way/255715521"
    },
    {
      "type": "Feature",
      "properties": {
        "@id": "way/255715527",
        "barrier": "fence"
      },
      "geometry": {
        "type": "LineString",
        "coordinates": [
          [
            38.1584841,
            -2.6882844
          ],
          [
            38.1586617,
            -2.6884608
          ],
          [
            38.1592172,
            -2.6878721
          ],
          [
            38.1586934,
            -2.6872904
          ],
          [
            38.1579402,
            -2.6880563
          ],
          [
            38.1581071,
            -2.6882325
          ],
          [
            38.1583184,
            -2.6884555
          ],
          [
            38.1584841,
            -2.6882844
          ]
        ]
      },
      "id": "way/255715527"
    },
    {
      "type": "Feature",
      "properties": {
        "@id": "way/255715531",
        "barrier": "fence"
      },
      "geometry": {
        "type": "LineString",
        "coordinates": [
          [
            38.4553671,
            -3.1127169
          ],
          [
            38.45761,
            -3.1115401
          ],
          [
            38.456741,
            -3.1095582
          ],
          [
            38.4559041,
            -3.1092689
          ],
          [
            38.4558505,
            -3.1091404
          ],
          [
            38.4547347,
            -3.1096171
          ],
          [
            38.4542036,
            -3.110142
          ],
          [
            38.4553671,
            -3.1127169
          ]
        ]
      },
      "id": "way/255715531"
    },
    {
      "type": "Feature",
      "properties": {
        "@id": "way/255716196",
        "barrier": "fence"
      },
      "geometry": {
        "type": "LineString",
        "coordinates": [
          [
            37.8616441,
            -2.3389018
          ],
          [
            37.8631246,
            -2.3402149
          ],
          [
            37.8646675,
            -2.3381749
          ],
          [
            37.8653267,
            -2.3386524
          ],
          [
            37.86625,
            -2.3370386
          ],
          [
            37.8661234,
            -2.3367899
          ],
          [
            37.8647125,
            -2.3357019
          ],
          [
            37.8634251,
            -2.3371919
          ],
          [
            37.8632856,
            -2.3370955
          ],
          [
            37.8616441,
            -2.3389018
          ]
        ]
      },
      "id": "way/255716196"
    },
    {
      "type": "Feature",
      "properties": {
        "@id": "way/277123991",
        "barrier": "fence"
      },
      "geometry": {
        "type": "LineString",
        "coordinates": [
          [
            37.3693196,
            -2.023571
          ],
          [
            37.3693116,
            -2.0238061
          ],
          [
            37.3694514,
            -2.0238061
          ],
          [
            37.3695505,
            -2.0238061
          ]
        ]
      },
      "id": "way/277123991"
    },
    {
      "type": "Feature",
      "properties": {
        "@id": "way/277123993",
        "barrier": "fence"
      },
      "geometry": {
        "type": "LineString",
        "coordinates": [
          [
            37.3694523,
            -2.0235745
          ],
          [
            37.3694514,
            -2.0238061
          ]
        ]
      },
      "id": "way/277123993"
    },
    {
      "type": "Feature",
      "properties": {
        "@id": "way/277123994",
        "barrier": "fence"
      },
      "geometry": {
        "type": "LineString",
        "coordinates": [
          [
            37.3695876,
            -2.0236399
          ],
          [
            37.3695859,
            -2.0237584
          ]
        ]
      },
      "id": "way/277123994"
    },
    {
      "type": "Feature",
      "properties": {
        "@id": "way/318085928",
        "barrier": "wall"
      },
      "geometry": {
        "type": "LineString",
        "coordinates": [
          [
            37.0224601,
            -3.181251
          ],
          [
            37.0225016,
            -3.1812366
          ],
          [
            37.0225452,
            -3.1812213
          ],
          [
            37.022682,
            -3.1810192
          ],
          [
            37.0223534,
            -3.1807929
          ]
        ]
      },
      "id": "way/318085928"
    },
    {
      "type": "Feature",
      "properties": {
        "@id": "way/318094012",
        "barrier": "wall"
      },
      "geometry": {
        "type": "LineString",
        "coordinates": [
          [
            37.0221503,
            -3.1820915
          ],
          [
            37.0221409,
            -3.1819362
          ],
          [
            37.0221543,
            -3.1818772
          ],
          [
            37.0221771,
            -3.1818344
          ]
        ]
      },
      "id": "way/318094012"
    },
    {
      "type": "Feature",
      "properties": {
        "@id": "way/318094935",
        "barrier": "wall"
      },
      "geometry": {
        "type": "LineString",
        "coordinates": [
          [
            37.0213818,
            -3.1795013
          ],
          [
            37.0217897,
            -3.1795238
          ],
          [
            37.0218928,
            -3.1795295
          ],
          [
            37.0218311,
            -3.1791867
          ],
          [
            37.0220765,
            -3.1790916
          ],
          [
            37.0224372,
            -3.1790354
          ],
          [
            37.0231024,
            -3.178872
          ],
          [
            37.0233078,
            -3.1788215
          ],
          [
            37.0240399,
            -3.1786417
          ],
          [
            37.0240801,
            -3.1787341
          ]
        ]
      },
      "id": "way/318094935"
    },
    {
      "type": "Feature",
      "properties": {
        "@id": "way/318576454",
        "barrier": "wall"
      },
      "geometry": {
        "type": "LineString",
        "coordinates": [
          [
            37.0037515,
            -3.1850461
          ],
          [
            37.0038123,
            -3.1850718
          ],
          [
            37.0038664,
            -3.1850948
          ]
        ]
      },
      "id": "way/318576454"
    },
    {
      "type": "Feature",
      "properties": {
        "@id": "way/318576455",
        "barrier": "wall"
      },
      "geometry": {
        "type": "LineString",
        "coordinates": [
          [
            37.0036268,
            -3.1851573
          ],
          [
            37.003606,
            -3.1852107
          ],
          [
            37.0037403,
            -3.1852597
          ],
          [
            37.0037974,
            -3.1852808
          ]
        ]
      },
      "id": "way/318576455"
    },
    {
      "type": "Feature",
      "properties": {
        "@id": "way/318586790",
        "barrier": "wall"
      },
      "geometry": {
        "type": "LineString",
        "coordinates": [
          [
            37.0231248,
            -3.1810081
          ],
          [
            37.0231223,
            -3.180961
          ],
          [
            37.0231134,
            -3.1807895
          ],
          [
            37.0234259,
            -3.1808055
          ],
          [
            37.0234271,
            -3.1807826
          ],
          [
            37.0234285,
            -3.180756
          ],
          [
            37.0237075,
            -3.1808055
          ],
          [
            37.0236968,
            -3.1808914
          ]
        ]
      },
      "id": "way/318586790"
    },
    {
      "type": "Feature",
      "properties": {
        "@id": "way/327266177",
        "barrier": "wall"
      },
      "geometry": {
        "type": "LineString",
        "coordinates": [
          [
            38.2059758,
            -2.9476162
          ],
          [
            38.2059102,
            -2.9475548
          ],
          [
            38.2059678,
            -2.9474934
          ],
          [
            38.2060334,
            -2.9475547
          ]
        ]
      },
      "id": "way/327266177"
    },
    {
      "type": "Feature",
      "properties": {
        "@id": "way/327266178",
        "barrier": "wall"
      },
      "geometry": {
        "type": "LineString",
        "coordinates": [
          [
            38.2060568,
            -2.9475424
          ],
          [
            38.2059922,
            -2.9474749
          ],
          [
            38.2060598,
            -2.9474094
          ],
          [
            38.2061214,
            -2.9474729
          ],
          [
            38.2060951,
            -2.9474991
          ]
        ]
      },
      "id": "way/327266178"
    },
    {
      "type": "Feature",
      "properties": {
        "@id": "way/372289109",
        "barrier": "fence"
      },
      "geometry": {
        "type": "LineString",
        "coordinates": [
          [
            37.4212189,
            -2.6861195
          ],
          [
            37.4212444,
            -2.6861557
          ],
          [
            37.4212672,
            -2.6861745
          ],
          [
            37.4212886,
            -2.6861945
          ],
          [
            37.4213087,
            -2.6862146
          ],
          [
            37.4213383,
            -2.6862347
          ],
          [
            37.4213704,
            -2.6862455
          ],
          [
            37.4213999,
            -2.6862428
          ],
          [
            37.4214201,
            -2.6862321
          ],
          [
            37.4214362,
            -2.6862213
          ],
          [
            37.4214643,
            -2.6862012
          ],
          [
            37.4214965,
            -2.6861852
          ],
          [
            37.421518,
            -2.6861624
          ],
          [
            37.42153,
            -2.6861329
          ],
          [
            37.4215367,
            -2.6861088
          ],
          [
            37.4215354,
            -2.6860874
          ],
          [
            37.4215247,
            -2.6860673
          ],
          [
            37.4215193,
            -2.6860365
          ],
          [
            37.4215099,
            -2.686007
          ],
          [
            37.4214992,
            -2.6859762
          ],
          [
            37.4214831,
            -2.6859534
          ],
          [
            37.4214576,
            -2.685928
          ],
          [
            37.4214294,
            -2.6859186
          ],
          [
            37.4214026,
            -2.6859092
          ],
          [
            37.4213812,
            -2.6859079
          ],
          [
            37.4213503,
            -2.6859159
          ],
          [
            37.4213329,
            -2.6859266
          ],
          [
            37.4213141,
            -2.6859373
          ],
          [
            37.4212927,
            -2.685936
          ],
          [
            37.4212578,
            -2.6859347
          ],
          [
            37.421231,
            -2.6859534
          ],
          [
            37.4212082,
            -2.6859936
          ],
          [
            37.4212001,
            -2.6860365
          ],
          [
            37.4211961,
            -2.6860633
          ],
          [
            37.4212028,
            -2.6860793
          ],
          [
            37.4212055,
            -2.6860901
          ]
        ]
      },
      "id": "way/372289109"
    },
    {
      "type": "Feature",
      "properties": {
        "@id": "way/372289111",
        "barrier": "fence"
      },
      "geometry": {
        "type": "LineString",
        "coordinates": [
          [
            37.4225372,
            -2.6839909
          ],
          [
            37.4225037,
            -2.6839734
          ],
          [
            37.4224728,
            -2.683952
          ],
          [
            37.4224527,
            -2.6839185
          ],
          [
            37.4224433,
            -2.683881
          ],
          [
            37.422446,
            -2.6838381
          ],
          [
            37.4224581,
            -2.6837899
          ],
          [
            37.4224728,
            -2.6837631
          ],
          [
            37.4225077,
            -2.6837403
          ],
          [
            37.4225493,
            -2.6837256
          ],
          [
            37.4225721,
            -2.6837243
          ],
          [
            37.4225962,
            -2.6837269
          ],
          [
            37.4226217,
            -2.6837457
          ],
          [
            37.4226472,
            -2.6837604
          ],
          [
            37.4226713,
            -2.6837819
          ],
          [
            37.4226901,
            -2.6838154
          ],
          [
            37.4227022,
            -2.6838448
          ],
          [
            37.4227089,
            -2.6838689
          ],
          [
            37.4227129,
            -2.6838998
          ],
          [
            37.4227115,
            -2.6839252
          ],
          [
            37.4226968,
            -2.683952
          ],
          [
            37.4226834,
            -2.6839708
          ],
          [
            37.4226659,
            -2.6839828
          ],
          [
            37.4226391,
            -2.6839962
          ],
          [
            37.4226163,
            -2.6840029
          ],
          [
            37.4225922,
            -2.6840056
          ],
          [
            37.42256,
            -2.6839976
          ]
        ]
      },
      "id": "way/372289111"
    },
    {
      "type": "Feature",
      "properties": {
        "@id": "way/372289113",
        "barrier": "fence"
      },
      "geometry": {
        "type": "LineString",
        "coordinates": [
          [
            37.4176627,
            -2.7030958
          ],
          [
            37.4176868,
            -2.7030958
          ],
          [
            37.4177109,
            -2.7031199
          ],
          [
            37.4177136,
            -2.7031709
          ],
          [
            37.4177029,
            -2.7032191
          ],
          [
            37.4176653,
            -2.7032566
          ],
          [
            37.4176224,
            -2.7032807
          ],
          [
            37.4175661,
            -2.7032834
          ],
          [
            37.4175339,
            -2.7032753
          ],
          [
            37.4175044,
            -2.7032298
          ]
        ]
      },
      "id": "way/372289113"
    },
    {
      "type": "Feature",
      "properties": {
        "@id": "way/372289114",
        "barrier": "fence"
      },
      "geometry": {
        "type": "LineString",
        "coordinates": [
          [
            37.4172362,
            -2.7030878
          ],
          [
            37.417204,
            -2.7031253
          ],
          [
            37.4172174,
            -2.7031789
          ],
          [
            37.4172442,
            -2.7032298
          ],
          [
            37.4172737,
            -2.70327
          ],
          [
            37.4173113,
            -2.7032968
          ],
          [
            37.4173596,
            -2.7033075
          ],
          [
            37.4174025,
            -2.7033048
          ],
          [
            37.41744,
            -2.7032941
          ],
          [
            37.4174534,
            -2.7032673
          ],
          [
            37.4174615,
            -2.7032405
          ]
        ]
      },
      "id": "way/372289114"
    },
    {
      "type": "Feature",
      "properties": {
        "@id": "way/372289115",
        "barrier": "fence"
      },
      "geometry": {
        "type": "LineString",
        "coordinates": [
          [
            37.4174803,
            -2.7029297
          ],
          [
            37.4175151,
            -2.7029136
          ],
          [
            37.4175446,
            -2.702919
          ],
          [
            37.4175876,
            -2.7029512
          ],
          [
            37.4176412,
            -2.7030128
          ],
          [
            37.4176761,
            -2.7030637
          ]
        ]
      },
      "id": "way/372289115"
    },
    {
      "type": "Feature",
      "properties": {
        "@id": "way/372289116",
        "barrier": "fence"
      },
      "geometry": {
        "type": "LineString",
        "coordinates": [
          [
            37.4174481,
            -2.7029217
          ],
          [
            37.4174266,
            -2.7028922
          ],
          [
            37.4173971,
            -2.7028869
          ],
          [
            37.4173515,
            -2.7028895
          ],
          [
            37.4173193,
            -2.7029029
          ],
          [
            37.4172952,
            -2.7029297
          ],
          [
            37.4172737,
            -2.7029565
          ],
          [
            37.4172603,
            -2.7029833
          ],
          [
            37.417255,
            -2.7030155
          ],
          [
            37.417255,
            -2.7030476
          ]
        ]
      },
      "id": "way/372289116"
    },
    {
      "type": "Feature",
      "properties": {
        "@id": "way/372289121",
        "barrier": "fence"
      },
      "geometry": {
        "type": "LineString",
        "coordinates": [
          [
            37.4179295,
            -2.7028507
          ],
          [
            37.4179067,
            -2.7028373
          ],
          [
            37.4178826,
            -2.702844
          ],
          [
            37.4178678,
            -2.7028654
          ],
          [
            37.4178477,
            -2.7028895
          ],
          [
            37.4178316,
            -2.7029123
          ],
          [
            37.4178182,
            -2.7029445
          ],
          [
            37.4178142,
            -2.7029833
          ],
          [
            37.4178142,
            -2.7030061
          ],
          [
            37.4178236,
            -2.7030248
          ],
          [
            37.4178397,
            -2.7030342
          ],
          [
            37.4178625,
            -2.7030369
          ],
          [
            37.4178947,
            -2.7030329
          ],
          [
            37.417943,
            -2.7030262
          ],
          [
            37.4179537,
            -2.7030061
          ],
          [
            37.4179671,
            -2.7029605
          ],
          [
            37.4179711,
            -2.7029257
          ],
          [
            37.4179644,
            -2.7029003
          ],
          [
            37.4179564,
            -2.7028802
          ],
          [
            37.4179295,
            -2.7028507
          ]
        ]
      },
      "id": "way/372289121"
    },
    {
      "type": "Feature",
      "properties": {
        "@id": "way/372289538",
        "barrier": "fence"
      },
      "geometry": {
        "type": "LineString",
        "coordinates": [
          [
            37.4189608,
            -2.7021862
          ],
          [
            37.4189407,
            -2.7021728
          ],
          [
            37.4189246,
            -2.7021514
          ],
          [
            37.4189246,
            -2.7021273
          ],
          [
            37.4189528,
            -2.7020951
          ],
          [
            37.4189997,
            -2.7020657
          ],
          [
            37.4190413,
            -2.7020563
          ],
          [
            37.4190923,
            -2.7020483
          ],
          [
            37.4191258,
            -2.7020469
          ],
          [
            37.4191459,
            -2.7020576
          ],
          [
            37.4191781,
            -2.7020844
          ],
          [
            37.4191902,
            -2.7021072
          ],
          [
            37.4191942,
            -2.7021233
          ]
        ]
      },
      "id": "way/372289538"
    },
    {
      "type": "Feature",
      "properties": {
        "@id": "way/372289543",
        "barrier": "fence"
      },
      "geometry": {
        "type": "LineString",
        "coordinates": [
          [
            37.418926,
            -2.7022023
          ],
          [
            37.4189179,
            -2.7022452
          ],
          [
            37.4189126,
            -2.7022947
          ],
          [
            37.418926,
            -2.7023229
          ],
          [
            37.4189608,
            -2.702347
          ],
          [
            37.418981,
            -2.7023751
          ],
          [
            37.4190132,
            -2.7023979
          ],
          [
            37.4190453,
            -2.70241
          ],
          [
            37.4190722,
            -2.7023992
          ],
          [
            37.4190856,
            -2.7023899
          ]
        ]
      },
      "id": "way/372289543"
    },
    {
      "type": "Feature",
      "properties": {
        "@id": "way/372289691",
        "barrier": "fence"
      },
      "geometry": {
        "type": "LineString",
        "coordinates": [
          [
            37.4192183,
            -2.7021514
          ],
          [
            37.4192411,
            -2.7021487
          ],
          [
            37.4192613,
            -2.7021608
          ],
          [
            37.41928,
            -2.7021876
          ],
          [
            37.41928,
            -2.7021916
          ],
          [
            37.4192867,
            -2.7022479
          ],
          [
            37.41928,
            -2.7022733
          ],
          [
            37.4192706,
            -2.7023055
          ],
          [
            37.4192639,
            -2.7023202
          ],
          [
            37.4192559,
            -2.7023282
          ]
        ]
      },
      "id": "way/372289691"
    },
    {
      "type": "Feature",
      "properties": {
        "@id": "way/372289692",
        "barrier": "fence"
      },
      "geometry": {
        "type": "LineString",
        "coordinates": [
          [
            37.4191097,
            -2.7023912
          ],
          [
            37.4191258,
            -2.7024019
          ],
          [
            37.4191513,
            -2.7024019
          ],
          [
            37.4191862,
            -2.7023952
          ],
          [
            37.419213,
            -2.7023845
          ],
          [
            37.4192264,
            -2.7023698
          ],
          [
            37.4192411,
            -2.702347
          ]
        ]
      },
      "id": "way/372289692"
    },
    {
      "type": "Feature",
      "properties": {
        "@id": "way/372289924",
        "barrier": "fence"
      },
      "geometry": {
        "type": "LineString",
        "coordinates": [
          [
            37.4345848,
            -2.6937682
          ],
          [
            37.4342361,
            -2.6927662
          ],
          [
            37.4357704,
            -2.6924527
          ],
          [
            37.4360895,
            -2.693361
          ],
          [
            37.4345848,
            -2.6937682
          ]
        ]
      },
      "id": "way/372289924"
    },
    {
      "type": "Feature",
      "properties": {
        "@id": "way/372289926",
        "barrier": "fence"
      },
      "geometry": {
        "type": "LineString",
        "coordinates": [
          [
            37.3985198,
            -2.6963055
          ],
          [
            37.398552,
            -2.6963724
          ],
          [
            37.3986379,
            -2.6964073
          ],
          [
            37.398699,
            -2.6964145
          ],
          [
            37.3987291,
            -2.696418
          ],
          [
            37.3988068,
            -2.6963965
          ],
          [
            37.3988363,
            -2.6963564
          ],
          [
            37.3988685,
            -2.6962894
          ],
          [
            37.3988659,
            -2.6962358
          ],
          [
            37.3988444,
            -2.6962063
          ],
          [
            37.3988015,
            -2.6961795
          ],
          [
            37.3987371,
            -2.6961635
          ],
          [
            37.3986996,
            -2.6961619
          ],
          [
            37.3986727,
            -2.6961608
          ],
          [
            37.3986003,
            -2.6961768
          ],
          [
            37.3985735,
            -2.696217
          ],
          [
            37.3985467,
            -2.6962519
          ]
        ]
      },
      "id": "way/372289926"
    },
    {
      "type": "Feature",
      "properties": {
        "@id": "way/372289927",
        "barrier": "fence"
      },
      "geometry": {
        "type": "LineString",
        "coordinates": [
          [
            37.3986996,
            -2.6961619
          ],
          [
            37.3987156,
            -2.6962063
          ],
          [
            37.3987237,
            -2.6962572
          ],
          [
            37.3987183,
            -2.6963001
          ],
          [
            37.398713,
            -2.6963376
          ],
          [
            37.398699,
            -2.6964145
          ]
        ]
      },
      "id": "way/372289927"
    },
    {
      "type": "Feature",
      "properties": {
        "@id": "way/372289969",
        "barrier": "fence"
      },
      "geometry": {
        "type": "LineString",
        "coordinates": [
          [
            37.4501222,
            -2.6824134
          ],
          [
            37.4501007,
            -2.6824027
          ],
          [
            37.4500712,
            -2.6824107
          ],
          [
            37.4500377,
            -2.6824335
          ],
          [
            37.4500203,
            -2.6824684
          ],
          [
            37.4500189,
            -2.6825126
          ],
          [
            37.4500256,
            -2.6825434
          ],
          [
            37.4500444,
            -2.6825782
          ],
          [
            37.4500512,
            -2.6825953
          ],
          [
            37.4500578,
            -2.6826117
          ],
          [
            37.4500659,
            -2.6826358
          ],
          [
            37.4500994,
            -2.6826572
          ],
          [
            37.4501289,
            -2.6826666
          ],
          [
            37.4501463,
            -2.6826626
          ],
          [
            37.4501544,
            -2.6826546
          ]
        ]
      },
      "id": "way/372289969"
    },
    {
      "type": "Feature",
      "properties": {
        "@id": "way/372289970",
        "barrier": "fence"
      },
      "geometry": {
        "type": "LineString",
        "coordinates": [
          [
            37.450145,
            -2.6824081
          ],
          [
            37.4501638,
            -2.6823853
          ],
          [
            37.4501892,
            -2.6823799
          ],
          [
            37.4502228,
            -2.6823866
          ],
          [
            37.4502576,
            -2.6824067
          ],
          [
            37.4502871,
            -2.6824416
          ],
          [
            37.450314,
            -2.6824818
          ],
          [
            37.4503274,
            -2.6825246
          ],
          [
            37.4503247,
            -2.6825688
          ],
          [
            37.450314,
            -2.6826023
          ],
          [
            37.4502925,
            -2.6826251
          ],
          [
            37.450271,
            -2.6826385
          ],
          [
            37.4502536,
            -2.6826345
          ],
          [
            37.4502429,
            -2.6826238
          ],
          [
            37.4502228,
            -2.6825889
          ]
        ]
      },
      "id": "way/372289970"
    },
    {
      "type": "Feature",
      "properties": {
        "@id": "way/372289971",
        "barrier": "fence"
      },
      "geometry": {
        "type": "LineString",
        "coordinates": [
          [
            37.4501302,
            -2.6824992
          ],
          [
            37.4501141,
            -2.6824911
          ],
          [
            37.4500954,
            -2.6824884
          ],
          [
            37.4500833,
            -2.6824925
          ],
          [
            37.450082,
            -2.6825059
          ],
          [
            37.4500887,
            -2.6825139
          ],
          [
            37.4501007,
            -2.6825219
          ],
          [
            37.4501115,
            -2.68253
          ],
          [
            37.4501195,
            -2.6825447
          ],
          [
            37.4501155,
            -2.6825661
          ],
          [
            37.4501061,
            -2.6825849
          ],
          [
            37.45009,
            -2.6825929
          ],
          [
            37.4500712,
            -2.682597
          ],
          [
            37.4500512,
            -2.6825953
          ]
        ]
      },
      "id": "way/372289971"
    },
    {
      "type": "Feature",
      "properties": {
        "@id": "way/372289972",
        "barrier": "fence"
      },
      "geometry": {
        "type": "LineString",
        "coordinates": [
          [
            37.4501624,
            -2.6825032
          ],
          [
            37.4501718,
            -2.6824818
          ],
          [
            37.4501852,
            -2.6824737
          ],
          [
            37.4502,
            -2.682467
          ],
          [
            37.4502241,
            -2.6824697
          ],
          [
            37.4502456,
            -2.6824791
          ],
          [
            37.450259,
            -2.6824951
          ],
          [
            37.450263,
            -2.6825152
          ],
          [
            37.4502603,
            -2.6825327
          ],
          [
            37.4502496,
            -2.6825501
          ],
          [
            37.4502348,
            -2.6825621
          ],
          [
            37.4502201,
            -2.6825661
          ],
          [
            37.4501973,
            -2.6825648
          ],
          [
            37.4501785,
            -2.6825528
          ],
          [
            37.4501664,
            -2.6825313
          ],
          [
            37.4501624,
            -2.6825032
          ]
        ]
      },
      "id": "way/372289972"
    },
    {
      "type": "Feature",
      "properties": {
        "@id": "way/372289973",
        "barrier": "fence"
      },
      "geometry": {
        "type": "LineString",
        "coordinates": [
          [
            37.4501731,
            -2.6826546
          ],
          [
            37.4501785,
            -2.6826787
          ],
          [
            37.4501866,
            -2.6826948
          ],
          [
            37.4502027,
            -2.6827108
          ],
          [
            37.4502268,
            -2.6827162
          ],
          [
            37.4502509,
            -2.6827068
          ],
          [
            37.4502751,
            -2.6826867
          ],
          [
            37.4503086,
            -2.6826639
          ],
          [
            37.4503368,
            -2.6826398
          ],
          [
            37.4503609,
            -2.6826077
          ],
          [
            37.4503783,
            -2.6825702
          ],
          [
            37.4504011,
            -2.6825219
          ],
          [
            37.4504105,
            -2.6824925
          ],
          [
            37.4504105,
            -2.682459
          ],
          [
            37.4504105,
            -2.6824201
          ],
          [
            37.4503998,
            -2.6823719
          ],
          [
            37.4503824,
            -2.6823357
          ],
          [
            37.4503596,
            -2.6823103
          ],
          [
            37.4503314,
            -2.6822996
          ],
          [
            37.4503046,
            -2.6822982
          ],
          [
            37.4502831,
            -2.6823009
          ],
          [
            37.4502603,
            -2.6823036
          ],
          [
            37.4502348,
            -2.6823116
          ],
          [
            37.4502187,
            -2.682325
          ],
          [
            37.450204,
            -2.6823397
          ],
          [
            37.4501933,
            -2.6823531
          ],
          [
            37.4501892,
            -2.6823799
          ]
        ]
      },
      "id": "way/372289973"
    },
    {
      "type": "Feature",
      "properties": {
        "@id": "way/372289974",
        "barrier": "fence"
      },
      "geometry": {
        "type": "LineString",
        "coordinates": [
          [
            37.4502938,
            -2.6827925
          ],
          [
            37.4502818,
            -2.6828167
          ],
          [
            37.4502791,
            -2.6828488
          ],
          [
            37.4502938,
            -2.6828689
          ],
          [
            37.4503193,
            -2.6828863
          ],
          [
            37.4503448,
            -2.6828877
          ],
          [
            37.4503757,
            -2.6828769
          ],
          [
            37.450385,
            -2.6828595
          ],
          [
            37.4503891,
            -2.6828381
          ],
          [
            37.450385,
            -2.6828153
          ],
          [
            37.4503663,
            -2.6827979
          ],
          [
            37.4503421,
            -2.6827872
          ]
        ]
      },
      "id": "way/372289974"
    },
    {
      "type": "Feature",
      "properties": {
        "@id": "way/372289975",
        "barrier": "fence"
      },
      "geometry": {
        "type": "LineString",
        "coordinates": [
          [
            37.4495965,
            -2.6826104
          ],
          [
            37.4495683,
            -2.682613
          ],
          [
            37.4495435,
            -2.682611
          ],
          [
            37.4495207,
            -2.682597
          ],
          [
            37.44951,
            -2.6825809
          ],
          [
            37.4495033,
            -2.6825702
          ],
          [
            37.4494979,
            -2.6825327
          ],
          [
            37.4495053,
            -2.6824985
          ],
          [
            37.4495234,
            -2.6824684
          ],
          [
            37.4495448,
            -2.6824563
          ],
          [
            37.449567,
            -2.6824536
          ],
          [
            37.4495797,
            -2.6824556
          ],
          [
            37.4495871,
            -2.682459
          ],
          [
            37.4495992,
            -2.6824523
          ],
          [
            37.4496146,
            -2.6824416
          ],
          [
            37.4496327,
            -2.6824375
          ],
          [
            37.4496582,
            -2.6824382
          ],
          [
            37.4496689,
            -2.6824436
          ],
          [
            37.4496763,
            -2.6824496
          ]
        ]
      },
      "id": "way/372289975"
    },
    {
      "type": "Feature",
      "properties": {
        "@id": "way/372289976",
        "barrier": "fence"
      },
      "geometry": {
        "type": "LineString",
        "coordinates": [
          [
            37.4496193,
            -2.6826097
          ],
          [
            37.4496434,
            -2.682615
          ],
          [
            37.4496689,
            -2.682611
          ],
          [
            37.449695,
            -2.6825889
          ],
          [
            37.4497078,
            -2.6825702
          ],
          [
            37.4497212,
            -2.6825427
          ],
          [
            37.4497252,
            -2.6825199
          ],
          [
            37.4497252,
            -2.6825012
          ],
          [
            37.4497158,
            -2.6824804
          ],
          [
            37.4497031,
            -2.682469
          ],
          [
            37.4496917,
            -2.6824596
          ]
        ]
      },
      "id": "way/372289976"
    },
    {
      "type": "Feature",
      "properties": {
        "@id": "way/397176179",
        "barrier": "fence"
      },
      "geometry": {
        "type": "LineString",
        "coordinates": [
          [
            37.421956,
            -2.6867957
          ],
          [
            37.4219259,
            -2.6868028
          ],
          [
            37.4218994,
            -2.6868134
          ],
          [
            37.4218888,
            -2.6868258
          ],
          [
            37.4218729,
            -2.6868346
          ],
          [
            37.4218516,
            -2.6868435
          ],
          [
            37.4218286,
            -2.6868452
          ],
          [
            37.4218127,
            -2.6868558
          ],
          [
            37.4218038,
            -2.6868735
          ],
          [
            37.4218003,
            -2.6869
          ],
          [
            37.4218021,
            -2.6869212
          ],
          [
            37.4218074,
            -2.6869389
          ]
        ]
      },
      "id": "way/397176179"
    },
    {
      "type": "Feature",
      "properties": {
        "@id": "way/397176201",
        "barrier": "fence"
      },
      "geometry": {
        "type": "LineString",
        "coordinates": [
          [
            37.4218074,
            -2.6869389
          ],
          [
            37.4218025,
            -2.6869586
          ],
          [
            37.4217931,
            -2.6869733
          ],
          [
            37.4217878,
            -2.6869975
          ],
          [
            37.421781,
            -2.6870189
          ],
          [
            37.4217837,
            -2.6870376
          ],
          [
            37.4217904,
            -2.6870524
          ],
          [
            37.4218052,
            -2.6870618
          ],
          [
            37.4218226,
            -2.6870765
          ],
          [
            37.421832,
            -2.6870885
          ],
          [
            37.4218427,
            -2.6870993
          ]
        ]
      },
      "id": "way/397176201"
    },
    {
      "type": "Feature",
      "properties": {
        "@id": "way/397176330",
        "barrier": "fence"
      },
      "geometry": {
        "type": "LineString",
        "coordinates": [
          [
            37.4219862,
            -2.6868032
          ],
          [
            37.4220131,
            -2.6867978
          ],
          [
            37.4220385,
            -2.6868005
          ],
          [
            37.4220587,
            -2.6868099
          ],
          [
            37.4220734,
            -2.6868206
          ],
          [
            37.4220949,
            -2.6868287
          ],
          [
            37.4221177,
            -2.686838
          ],
          [
            37.4221445,
            -2.6868581
          ],
          [
            37.4221525,
            -2.6868702
          ],
          [
            37.4221592,
            -2.6868889
          ],
          [
            37.4221673,
            -2.6869117
          ],
          [
            37.4221713,
            -2.6869305
          ],
          [
            37.4221713,
            -2.6869425
          ],
          [
            37.4221646,
            -2.6869573
          ],
          [
            37.4221566,
            -2.6869733
          ],
          [
            37.4221445,
            -2.6869908
          ],
          [
            37.4221418,
            -2.6870055
          ],
          [
            37.4221378,
            -2.6870202
          ],
          [
            37.4221284,
            -2.6870296
          ],
          [
            37.4221203,
            -2.6870417
          ],
          [
            37.4221177,
            -2.6870577
          ],
          [
            37.422111,
            -2.6870711
          ],
          [
            37.4220989,
            -2.6870805
          ],
          [
            37.4220882,
            -2.6870859
          ]
        ]
      },
      "id": "way/397176330"
    },
    {
      "type": "Feature",
      "properties": {
        "@id": "way/397176331",
        "barrier": "fence"
      },
      "geometry": {
        "type": "LineString",
        "coordinates": [
          [
            37.4218642,
            -2.687118
          ],
          [
            37.4218615,
            -2.6871488
          ],
          [
            37.4218682,
            -2.6871743
          ],
          [
            37.421883,
            -2.6871877
          ],
          [
            37.4219017,
            -2.6871971
          ],
          [
            37.4219178,
            -2.6872038
          ],
          [
            37.4219406,
            -2.6872078
          ]
        ]
      },
      "id": "way/397176331"
    },
    {
      "type": "Feature",
      "properties": {
        "@id": "way/397176332",
        "barrier": "fence"
      },
      "geometry": {
        "type": "LineString",
        "coordinates": [
          [
            37.4220412,
            -2.687319
          ],
          [
            37.4220278,
            -2.6873324
          ],
          [
            37.4220064,
            -2.6873377
          ],
          [
            37.4219795,
            -2.6873337
          ],
          [
            37.4219594,
            -2.6873243
          ],
          [
            37.4219447,
            -2.6873056
          ],
          [
            37.421942,
            -2.6872882
          ],
          [
            37.4219366,
            -2.68726
          ],
          [
            37.4219353,
            -2.6872386
          ],
          [
            37.4219406,
            -2.6872078
          ]
        ]
      },
      "id": "way/397176332"
    },
    {
      "type": "Feature",
      "properties": {
        "@id": "way/397176333",
        "barrier": "fence"
      },
      "geometry": {
        "type": "LineString",
        "coordinates": [
          [
            37.4220707,
            -2.6871019
          ],
          [
            37.4220828,
            -2.6871274
          ],
          [
            37.4220841,
            -2.6871462
          ],
          [
            37.4220868,
            -2.6871609
          ],
          [
            37.4220801,
            -2.6871743
          ],
          [
            37.4220694,
            -2.6871877
          ],
          [
            37.4220587,
            -2.6871917
          ],
          [
            37.4220493,
            -2.6872038
          ],
          [
            37.4220385,
            -2.6872105
          ],
          [
            37.4220265,
            -2.6872131
          ],
          [
            37.4220157,
            -2.6872105
          ],
          [
            37.4220064,
            -2.6871997
          ],
          [
            37.422005,
            -2.687189
          ],
          [
            37.4219889,
            -2.6871863
          ],
          [
            37.4219755,
            -2.687185
          ],
          [
            37.4219608,
            -2.687189
          ],
          [
            37.42195,
            -2.6871957
          ],
          [
            37.4219406,
            -2.6872078
          ]
        ]
      },
      "id": "way/397176333"
    },
    {
      "type": "Feature",
      "properties": {
        "@id": "way/397176334",
        "barrier": "fence"
      },
      "geometry": {
        "type": "LineString",
        "coordinates": [
          [
            37.4220694,
            -2.6871877
          ],
          [
            37.4220949,
            -2.6872051
          ],
          [
            37.4221096,
            -2.6872225
          ],
          [
            37.422115,
            -2.6872413
          ],
          [
            37.422111,
            -2.6872627
          ],
          [
            37.422111,
            -2.6872815
          ],
          [
            37.4221002,
            -2.6872975
          ],
          [
            37.4220868,
            -2.6873109
          ],
          [
            37.4220707,
            -2.6873136
          ]
        ]
      },
      "id": "way/397176334"
    },
    {
      "type": "Feature",
      "properties": {
        "@id": "way/397176474",
        "barrier": "fence"
      },
      "geometry": {
        "type": "LineString",
        "coordinates": [
          [
            37.4470751,
            -2.6810627
          ],
          [
            37.4470429,
            -2.6810332
          ],
          [
            37.4470295,
            -2.680989
          ],
          [
            37.4470348,
            -2.6809515
          ],
          [
            37.4470442,
            -2.680918
          ],
          [
            37.447063,
            -2.6808859
          ],
          [
            37.4470871,
            -2.6808618
          ],
          [
            37.4471153,
            -2.6808336
          ],
          [
            37.4471421,
            -2.6808256
          ],
          [
            37.4471837,
            -2.6808296
          ],
          [
            37.4472159,
            -2.6808376
          ],
          [
            37.4472467,
            -2.6808604
          ],
          [
            37.4472722,
            -2.6808939
          ],
          [
            37.4472829,
            -2.6809274
          ],
          [
            37.4472816,
            -2.6809569
          ],
          [
            37.4472762,
            -2.680977
          ],
          [
            37.4472695,
            -2.6809917
          ]
        ]
      },
      "id": "way/397176474"
    },
    {
      "type": "Feature",
      "properties": {
        "@id": "way/397176476",
        "barrier": "fence"
      },
      "geometry": {
        "type": "LineString",
        "coordinates": [
          [
            37.4472615,
            -2.6810091
          ],
          [
            37.4472454,
            -2.6810332
          ],
          [
            37.4472293,
            -2.681048
          ],
          [
            37.4472092,
            -2.681064
          ],
          [
            37.4471904,
            -2.6810734
          ]
        ]
      },
      "id": "way/397176476"
    },
    {
      "type": "Feature",
      "properties": {
        "@id": "way/397176478",
        "barrier": "fence"
      },
      "geometry": {
        "type": "LineString",
        "coordinates": [
          [
            37.4470939,
            -2.6810721
          ],
          [
            37.4471126,
            -2.6810828
          ],
          [
            37.4471394,
            -2.6810882
          ],
          [
            37.4471663,
            -2.6810801
          ]
        ]
      },
      "id": "way/397176478"
    },
    {
      "type": "Feature",
      "properties": {
        "@id": "way/397176480",
        "barrier": "fence"
      },
      "geometry": {
        "type": "LineString",
        "coordinates": [
          [
            37.4471113,
            -2.6810332
          ],
          [
            37.4470939,
            -2.6810212
          ],
          [
            37.4470845,
            -2.6810024
          ],
          [
            37.4470871,
            -2.6809823
          ],
          [
            37.4471019,
            -2.6809622
          ],
          [
            37.447122,
            -2.6809529
          ],
          [
            37.4471408,
            -2.6809569
          ],
          [
            37.4471569,
            -2.6809703
          ],
          [
            37.4471636,
            -2.6809877
          ],
          [
            37.4471596,
            -2.6810091
          ],
          [
            37.4471502,
            -2.6810252
          ],
          [
            37.4471368,
            -2.6810332
          ],
          [
            37.4471113,
            -2.6810332
          ]
        ]
      },
      "id": "way/397176480"
    },
    {
      "type": "Feature",
      "properties": {
        "@id": "way/412195770",
        "barrier": "fence"
      },
      "geometry": {
        "type": "LineString",
        "coordinates": [
          [
            37.4390112,
            -2.6870812
          ],
          [
            37.4389857,
            -2.6870665
          ],
          [
            37.4389629,
            -2.6870665
          ],
          [
            37.4389481,
            -2.6870665
          ],
          [
            37.43892,
            -2.6870598
          ],
          [
            37.4388932,
            -2.6870491
          ],
          [
            37.4388663,
            -2.6870384
          ],
          [
            37.4388382,
            -2.687029
          ],
          [
            37.4388167,
            -2.6870196
          ],
          [
            37.4387899,
            -2.6870209
          ],
          [
            37.4387738,
            -2.687037
          ],
          [
            37.438751,
            -2.6870504
          ],
          [
            37.438688,
            -2.687112
          ],
          [
            37.4386142,
            -2.6872085
          ],
          [
            37.438574,
            -2.6872554
          ],
          [
            37.4385498,
            -2.6872782
          ],
          [
            37.4385243,
            -2.6872875
          ],
          [
            37.4385096,
            -2.6872996
          ],
          [
            37.4385083,
            -2.6873143
          ],
          [
            37.4384948,
            -2.6873344
          ],
          [
            37.4384948,
            -2.6873518
          ],
          [
            37.4385042,
            -2.6873706
          ],
          [
            37.4385217,
            -2.6873893
          ],
          [
            37.4385753,
            -2.6874416
          ],
          [
            37.4385954,
            -2.6874764
          ],
          [
            37.4386826,
            -2.6876184
          ],
          [
            37.4386974,
            -2.6876439
          ],
          [
            37.4387134,
            -2.6876626
          ],
          [
            37.4387309,
            -2.6876908
          ],
          [
            37.438751,
            -2.6877296
          ],
          [
            37.4387725,
            -2.6877644
          ],
          [
            37.4387859,
            -2.6877765
          ]
        ]
      },
      "id": "way/412195770"
    },
    {
      "type": "Feature",
      "properties": {
        "@id": "way/412195771",
        "barrier": "fence"
      },
      "geometry": {
        "type": "LineString",
        "coordinates": [
          [
            37.4388301,
            -2.6877537
          ],
          [
            37.4388905,
            -2.6877256
          ],
          [
            37.4389683,
            -2.6877015
          ],
          [
            37.4390474,
            -2.687668
          ],
          [
            37.4390916,
            -2.6876559
          ],
          [
            37.4391359,
            -2.6876412
          ],
          [
            37.4391641,
            -2.6876332
          ]
        ]
      },
      "id": "way/412195771"
    },
    {
      "type": "Feature",
      "properties": {
        "@id": "way/412195772",
        "barrier": "fence"
      },
      "geometry": {
        "type": "LineString",
        "coordinates": [
          [
            37.4392901,
            -2.6872634
          ],
          [
            37.4392392,
            -2.6872648
          ],
          [
            37.4391909,
            -2.6872782
          ],
          [
            37.439152,
            -2.6872996
          ],
          [
            37.4391225,
            -2.6873197
          ],
          [
            37.4391065,
            -2.6873371
          ],
          [
            37.4390916,
            -2.6873532
          ],
          [
            37.4390782,
            -2.6873826
          ],
          [
            37.4390675,
            -2.6874081
          ],
          [
            37.4390662,
            -2.6874389
          ],
          [
            37.4390715,
            -2.687459
          ],
          [
            37.4390809,
            -2.6874764
          ],
          [
            37.4390809,
            -2.6874965
          ],
          [
            37.4390782,
            -2.6875193
          ],
          [
            37.4390822,
            -2.6875581
          ],
          [
            37.4390957,
            -2.6875769
          ],
          [
            37.4391131,
            -2.6875997
          ],
          [
            37.4391278,
            -2.6876171
          ],
          [
            37.4391641,
            -2.6876332
          ],
          [
            37.4391936,
            -2.6876385
          ],
          [
            37.4392687,
            -2.6876532
          ],
          [
            37.4393223,
            -2.6876559
          ],
          [
            37.4393572,
            -2.6876412
          ],
          [
            37.4393947,
            -2.687609
          ],
          [
            37.4394215,
            -2.6875769
          ],
          [
            37.4394457,
            -2.6875287
          ],
          [
            37.4394591,
            -2.6874845
          ],
          [
            37.4394564,
            -2.6874456
          ],
          [
            37.4394457,
            -2.687396
          ],
          [
            37.4394296,
            -2.6873558
          ],
          [
            37.4394175,
            -2.6873224
          ],
          [
            37.4394055,
            -2.6872929
          ],
          [
            37.4393786,
            -2.6872715
          ],
          [
            37.4393572,
            -2.6872648
          ],
          [
            37.4393304,
            -2.6872621
          ]
        ]
      },
      "id": "way/412195772"
    },
    {
      "type": "Feature",
      "properties": {
        "@id": "way/412196031",
        "barrier": "fence"
      },
      "geometry": {
        "type": "LineString",
        "coordinates": [
          [
            37.4391065,
            -2.6873371
          ],
          [
            37.4390822,
            -2.6873183
          ],
          [
            37.4390527,
            -2.6873049
          ],
          [
            37.4390353,
            -2.6872929
          ],
          [
            37.4390165,
            -2.6872915
          ],
          [
            37.4390018,
            -2.6872969
          ],
          [
            37.438987,
            -2.687317
          ],
          [
            37.4389736,
            -2.6873384
          ],
          [
            37.4389642,
            -2.6873465
          ],
          [
            37.4389669,
            -2.6873572
          ],
          [
            37.4389843,
            -2.6873733
          ],
          [
            37.4390058,
            -2.6873853
          ]
        ]
      },
      "id": "way/412196031"
    },
    {
      "type": "Feature",
      "properties": {
        "@id": "way/412196032",
        "barrier": "fence"
      },
      "geometry": {
        "type": "LineString",
        "coordinates": [
          [
            37.4390675,
            -2.6874081
          ],
          [
            37.439046,
            -2.6874014
          ],
          [
            37.4390326,
            -2.6873893
          ],
          [
            37.4390232,
            -2.6873826
          ],
          [
            37.4390058,
            -2.6873853
          ],
          [
            37.4389964,
            -2.6873987
          ],
          [
            37.438983,
            -2.6874161
          ],
          [
            37.4389776,
            -2.6874295
          ],
          [
            37.4389776,
            -2.6874416
          ],
          [
            37.438987,
            -2.687459
          ],
          [
            37.4389964,
            -2.6874764
          ],
          [
            37.4390098,
            -2.6874804
          ],
          [
            37.4390313,
            -2.6874791
          ],
          [
            37.4390635,
            -2.6874536
          ]
        ]
      },
      "id": "way/412196032"
    },
    {
      "type": "Feature",
      "properties": {
        "@id": "way/412196574",
        "barrier": "fence"
      },
      "geometry": {
        "type": "LineString",
        "coordinates": [
          [
            37.4390514,
            -2.6871
          ],
          [
            37.4390863,
            -2.6871281
          ],
          [
            37.4391131,
            -2.6871455
          ],
          [
            37.4391426,
            -2.6871643
          ],
          [
            37.4391667,
            -2.687183
          ],
          [
            37.4392177,
            -2.6871964
          ],
          [
            37.4392432,
            -2.6872085
          ]
        ]
      },
      "id": "way/412196574"
    },
    {
      "type": "Feature",
      "properties": {
        "@id": "way/419581737",
        "barrier": "fence"
      },
      "geometry": {
        "type": "LineString",
        "coordinates": [
          [
            37.4475491,
            -2.6868072
          ],
          [
            37.4475249,
            -2.6868018
          ],
          [
            37.4474807,
            -2.6868072
          ],
          [
            37.4474498,
            -2.6868246
          ],
          [
            37.4474243,
            -2.6868514
          ],
          [
            37.4474096,
            -2.6868795
          ],
          [
            37.4474002,
            -2.686909
          ],
          [
            37.4473948,
            -2.6869572
          ],
          [
            37.4474029,
            -2.6869894
          ],
          [
            37.4474297,
            -2.6870162
          ],
          [
            37.4474592,
            -2.6870336
          ],
          [
            37.4474874,
            -2.6870389
          ],
          [
            37.4475209,
            -2.6870376
          ],
          [
            37.4475598,
            -2.6870336
          ],
          [
            37.4475987,
            -2.6870215
          ],
          [
            37.4476255,
            -2.6869987
          ],
          [
            37.4476349,
            -2.6869693
          ],
          [
            37.4476376,
            -2.6869371
          ],
          [
            37.4476335,
            -2.6869036
          ],
          [
            37.4476228,
            -2.6868755
          ],
          [
            37.4476067,
            -2.686846
          ],
          [
            37.4475879,
            -2.6868273
          ],
          [
            37.4475692,
            -2.6868152
          ],
          [
            37.4475491,
            -2.6868072
          ]
        ]
      },
      "id": "way/419581737"
    },
    {
      "type": "Feature",
      "properties": {
        "@id": "way/419581740",
        "barrier": "fence"
      },
      "geometry": {
        "type": "LineString",
        "coordinates": [
          [
            37.4492012,
            -2.687291
          ],
          [
            37.4492154,
            -2.6872524
          ],
          [
            37.4492225,
            -2.687226
          ],
          [
            37.4492408,
            -2.6871986
          ],
          [
            37.4492561,
            -2.6871854
          ],
          [
            37.4492815,
            -2.6871834
          ],
          [
            37.449315,
            -2.6871935
          ],
          [
            37.4493353,
            -2.6872047
          ],
          [
            37.4493485,
            -2.687225
          ],
          [
            37.4493526,
            -2.6872555
          ],
          [
            37.4493506,
            -2.6872869
          ],
          [
            37.4493465,
            -2.6873083
          ],
          [
            37.4493506,
            -2.6873245
          ],
          [
            37.4493435,
            -2.6873377
          ],
          [
            37.4493211,
            -2.6873387
          ],
          [
            37.4492886,
            -2.6873438
          ],
          [
            37.4492662,
            -2.6873458
          ],
          [
            37.44925,
            -2.6873458
          ],
          [
            37.4492266,
            -2.6873367
          ],
          [
            37.4492093,
            -2.6873265
          ],
          [
            37.4491991,
            -2.6873103
          ],
          [
            37.4492012,
            -2.687291
          ]
        ]
      },
      "id": "way/419581740"
    },
    {
      "type": "Feature",
      "properties": {
        "@id": "way/419581745",
        "barrier": "fence"
      },
      "geometry": {
        "type": "LineString",
        "coordinates": [
          [
            37.4487204,
            -2.6879035
          ],
          [
            37.4487123,
            -2.6878801
          ],
          [
            37.4486991,
            -2.6878639
          ],
          [
            37.4486828,
            -2.6878517
          ],
          [
            37.4486625,
            -2.6878446
          ],
          [
            37.4486402,
            -2.6878456
          ],
          [
            37.4486249,
            -2.6878558
          ],
          [
            37.4486097,
            -2.6878781
          ],
          [
            37.4486066,
            -2.6879076
          ],
          [
            37.4486158,
            -2.6879289
          ],
          [
            37.4486269,
            -2.6879451
          ],
          [
            37.4486483,
            -2.6879543
          ],
          [
            37.4486706,
            -2.6879593
          ],
          [
            37.4486879,
            -2.6879573
          ],
          [
            37.4487032,
            -2.6879502
          ],
          [
            37.4487154,
            -2.687939
          ],
          [
            37.4487194,
            -2.6879228
          ],
          [
            37.4487204,
            -2.6879035
          ]
        ]
      },
      "id": "way/419581745"
    },
    {
      "type": "Feature",
      "properties": {
        "@id": "way/419581751",
        "barrier": "fence"
      },
      "geometry": {
        "type": "LineString",
        "coordinates": [
          [
            37.4495448,
            -2.6891488
          ],
          [
            37.4495167,
            -2.6891663
          ],
          [
            37.4494981,
            -2.6891931
          ],
          [
            37.4494911,
            -2.6892293
          ],
          [
            37.4494922,
            -2.6892549
          ],
          [
            37.4495027,
            -2.6892829
          ],
          [
            37.4495202,
            -2.6893133
          ],
          [
            37.4495459,
            -2.6893342
          ],
          [
            37.449588,
            -2.6893494
          ],
          [
            37.4496312,
            -2.6893342
          ],
          [
            37.4496557,
            -2.6893144
          ],
          [
            37.449679,
            -2.6892841
          ],
          [
            37.4496837,
            -2.6892479
          ],
          [
            37.4496755,
            -2.6892211
          ],
          [
            37.4496627,
            -2.6891931
          ],
          [
            37.4496428,
            -2.6891663
          ],
          [
            37.4496183,
            -2.6891512
          ],
          [
            37.4495938,
            -2.6891453
          ],
          [
            37.4495751,
            -2.689143
          ],
          [
            37.4495448,
            -2.6891488
          ]
        ]
      },
      "id": "way/419581751"
    },
    {
      "type": "Feature",
      "properties": {
        "@id": "way/419581754",
        "barrier": "fence"
      },
      "geometry": {
        "type": "LineString",
        "coordinates": [
          [
            37.4503226,
            -2.688508
          ],
          [
            37.4502829,
            -2.6885151
          ],
          [
            37.4502585,
            -2.6885141
          ],
          [
            37.450224,
            -2.6885019
          ],
          [
            37.4501914,
            -2.6884816
          ],
          [
            37.4501742,
            -2.6884583
          ],
          [
            37.450165,
            -2.6884207
          ],
          [
            37.4501599,
            -2.6883933
          ],
          [
            37.4501711,
            -2.6883608
          ],
          [
            37.4501945,
            -2.6883375
          ],
          [
            37.4502148,
            -2.6883222
          ],
          [
            37.4502494,
            -2.688309
          ],
          [
            37.450288,
            -2.688307
          ],
          [
            37.4503256,
            -2.6883111
          ],
          [
            37.450351,
            -2.6883233
          ],
          [
            37.4503815,
            -2.6883466
          ],
          [
            37.4503947,
            -2.6883679
          ],
          [
            37.4504079,
            -2.6883994
          ],
          [
            37.450412,
            -2.6884268
          ],
          [
            37.4504039,
            -2.6884542
          ],
          [
            37.4503917,
            -2.6884766
          ],
          [
            37.4503734,
            -2.6884928
          ],
          [
            37.450347,
            -2.688505
          ]
        ]
      },
      "id": "way/419581754"
    },
    {
      "type": "Feature",
      "properties": {
        "@id": "way/419581759",
        "barrier": "fence"
      },
      "geometry": {
        "type": "LineString",
        "coordinates": [
          [
            37.4505147,
            -2.6886339
          ],
          [
            37.4504882,
            -2.6886126
          ],
          [
            37.450475,
            -2.6885903
          ],
          [
            37.4504679,
            -2.6885466
          ],
          [
            37.4504831,
            -2.688506
          ],
          [
            37.4505055,
            -2.6884776
          ],
          [
            37.4505329,
            -2.6884613
          ],
          [
            37.4505828,
            -2.6884522
          ],
          [
            37.4506285,
            -2.6884664
          ],
          [
            37.450658,
            -2.6885009
          ],
          [
            37.4506702,
            -2.6885294
          ],
          [
            37.4506702,
            -2.6885537
          ],
          [
            37.4506641,
            -2.6885679
          ],
          [
            37.4506651,
            -2.6885811
          ],
          [
            37.4506702,
            -2.6885933
          ],
          [
            37.4506681,
            -2.6886096
          ],
          [
            37.4506508,
            -2.6886329
          ],
          [
            37.4506275,
            -2.6886492
          ],
          [
            37.4506143,
            -2.6886634
          ],
          [
            37.450598,
            -2.6886695
          ],
          [
            37.4505787,
            -2.6886684
          ],
          [
            37.4505533,
            -2.6886583
          ],
          [
            37.450534,
            -2.6886431
          ]
        ]
      },
      "id": "way/419581759"
    },
    {
      "type": "Feature",
      "properties": {
        "@id": "way/419581766",
        "barrier": "fence"
      },
      "geometry": {
        "type": "LineString",
        "coordinates": [
          [
            37.4514072,
            -2.6892983
          ],
          [
            37.4513725,
            -2.6893091
          ],
          [
            37.4513463,
            -2.6893283
          ],
          [
            37.4513309,
            -2.6893498
          ],
          [
            37.451317,
            -2.6893768
          ],
          [
            37.4513093,
            -2.6894175
          ],
          [
            37.4513147,
            -2.6894645
          ],
          [
            37.4513309,
            -2.6895014
          ],
          [
            37.4513494,
            -2.6895206
          ],
          [
            37.4513733,
            -2.6895329
          ],
          [
            37.4514087,
            -2.6895422
          ],
          [
            37.4514488,
            -2.6895399
          ],
          [
            37.4514911,
            -2.6895306
          ],
          [
            37.4515112,
            -2.6895176
          ],
          [
            37.4515273,
            -2.6894945
          ],
          [
            37.4515366,
            -2.6894714
          ],
          [
            37.4515404,
            -2.6894452
          ],
          [
            37.4515397,
            -2.6894106
          ],
          [
            37.451535,
            -2.689386
          ],
          [
            37.4515181,
            -2.6893606
          ],
          [
            37.4514965,
            -2.6893391
          ],
          [
            37.4514711,
            -2.6893183
          ],
          [
            37.4514465,
            -2.6893052
          ],
          [
            37.4514334,
            -2.6893014
          ]
        ]
      },
      "id": "way/419581766"
    },
    {
      "type": "Feature",
      "properties": {
        "@id": "way/419581776",
        "barrier": "fence"
      },
      "geometry": {
        "type": "LineString",
        "coordinates": [
          [
            37.4513979,
            -2.6897699
          ],
          [
            37.4513687,
            -2.6897753
          ],
          [
            37.4513194,
            -2.6897692
          ],
          [
            37.4512855,
            -2.6897607
          ],
          [
            37.4512577,
            -2.6897407
          ],
          [
            37.4512316,
            -2.6897038
          ],
          [
            37.45123,
            -2.6896668
          ],
          [
            37.4512431,
            -2.6896353
          ],
          [
            37.451277,
            -2.689613
          ],
          [
            37.4513163,
            -2.6895891
          ],
          [
            37.4513402,
            -2.6895814
          ],
          [
            37.4513825,
            -2.6895737
          ],
          [
            37.4514257,
            -2.6895814
          ],
          [
            37.451468,
            -2.6895976
          ],
          [
            37.4515065,
            -2.6896207
          ],
          [
            37.4515304,
            -2.6896476
          ],
          [
            37.4515304,
            -2.6896722
          ],
          [
            37.451525,
            -2.6896907
          ],
          [
            37.4515173,
            -2.6897053
          ],
          [
            37.4514958,
            -2.6897299
          ],
          [
            37.4514788,
            -2.6897445
          ],
          [
            37.451458,
            -2.6897568
          ],
          [
            37.451418,
            -2.6897669
          ]
        ]
      },
      "id": "way/419581776"
    },
    {
      "type": "Feature",
      "properties": {
        "@id": "way/419585661",
        "barrier": "fence"
      },
      "geometry": {
        "type": "LineString",
        "coordinates": [
          [
            37.4227907,
            -2.6876438
          ],
          [
            37.4227685,
            -2.6876309
          ],
          [
            37.4227405,
            -2.6876274
          ],
          [
            37.422716,
            -2.6876263
          ],
          [
            37.4226973,
            -2.6876368
          ],
          [
            37.4226716,
            -2.6876589
          ],
          [
            37.4226459,
            -2.6876951
          ],
          [
            37.4226354,
            -2.6877336
          ],
          [
            37.4226331,
            -2.6877581
          ],
          [
            37.4226366,
            -2.687786
          ],
          [
            37.4226436,
            -2.6878059
          ],
          [
            37.4226611,
            -2.6878292
          ],
          [
            37.4226786,
            -2.6878455
          ],
          [
            37.4226985,
            -2.6878502
          ]
        ]
      },
      "id": "way/419585661"
    },
    {
      "type": "Feature",
      "properties": {
        "@id": "way/419585664",
        "barrier": "fence"
      },
      "geometry": {
        "type": "LineString",
        "coordinates": [
          [
            37.4228164,
            -2.6876578
          ],
          [
            37.4228491,
            -2.6876694
          ],
          [
            37.4228654,
            -2.6876986
          ],
          [
            37.4228678,
            -2.6877417
          ],
          [
            37.4228573,
            -2.6877849
          ],
          [
            37.4228362,
            -2.6878187
          ],
          [
            37.4228094,
            -2.687842
          ],
          [
            37.4227837,
            -2.6878583
          ],
          [
            37.4227592,
            -2.6878653
          ],
          [
            37.4227382,
            -2.6878677
          ],
          [
            37.4227183,
            -2.6878583
          ]
        ]
      },
      "id": "way/419585664"
    },
    {
      "type": "Feature",
      "properties": {
        "@id": "way/419585669",
        "barrier": "fence"
      },
      "geometry": {
        "type": "LineString",
        "coordinates": [
          [
            37.4223529,
            -2.6874129
          ],
          [
            37.4223109,
            -2.6874222
          ],
          [
            37.4222642,
            -2.6874467
          ],
          [
            37.422235,
            -2.6874828
          ],
          [
            37.4222291,
            -2.6875143
          ],
          [
            37.4222338,
            -2.687547
          ],
          [
            37.4222478,
            -2.6875703
          ],
          [
            37.4222677,
            -2.6875913
          ],
          [
            37.4222957,
            -2.6876064
          ],
          [
            37.4223237,
            -2.6876134
          ],
          [
            37.4223646,
            -2.6876169
          ],
          [
            37.4224066,
            -2.6876123
          ],
          [
            37.4224346,
            -2.6875948
          ],
          [
            37.422458,
            -2.6875598
          ],
          [
            37.4224662,
            -2.6875295
          ],
          [
            37.422465,
            -2.6874945
          ],
          [
            37.4224533,
            -2.6874688
          ],
          [
            37.4224358,
            -2.6874467
          ],
          [
            37.4224148,
            -2.6874327
          ],
          [
            37.4223984,
            -2.6874245
          ],
          [
            37.4223751,
            -2.6874175
          ]
        ]
      },
      "id": "way/419585669"
    },
    {
      "type": "Feature",
      "properties": {
        "@id": "way/419586576",
        "barrier": "fence"
      },
      "geometry": {
        "type": "LineString",
        "coordinates": [
          [
            37.4221436,
            -2.685219
          ],
          [
            37.4221156,
            -2.6852166
          ],
          [
            37.4220841,
            -2.6852213
          ],
          [
            37.4220631,
            -2.6852411
          ],
          [
            37.4220421,
            -2.6852808
          ],
          [
            37.4220409,
            -2.6853193
          ],
          [
            37.4220456,
            -2.6853496
          ],
          [
            37.4220607,
            -2.6853799
          ],
          [
            37.4220829,
            -2.6853916
          ],
          [
            37.4221144,
            -2.6853951
          ]
        ]
      },
      "id": "way/419586576"
    },
    {
      "type": "Feature",
      "properties": {
        "@id": "way/419586577",
        "barrier": "fence"
      },
      "geometry": {
        "type": "LineString",
        "coordinates": [
          [
            37.4221682,
            -2.6852201
          ],
          [
            37.4221845,
            -2.6852213
          ],
          [
            37.4222102,
            -2.6852353
          ],
          [
            37.4222347,
            -2.6852586
          ],
          [
            37.4222417,
            -2.6852901
          ],
          [
            37.422244,
            -2.6853262
          ],
          [
            37.4222347,
            -2.6853589
          ],
          [
            37.4222172,
            -2.6853776
          ],
          [
            37.422195,
            -2.6853951
          ],
          [
            37.4221682,
            -2.6854021
          ],
          [
            37.4221483,
            -2.6854032
          ],
          [
            37.4221331,
            -2.6853974
          ]
        ]
      },
      "id": "way/419586577"
    },
    {
      "type": "Feature",
      "properties": {
        "@id": "way/419586676",
        "barrier": "fence"
      },
      "geometry": {
        "type": "LineString",
        "coordinates": [
          [
            37.4282811,
            -2.6804877
          ],
          [
            37.4282741,
            -2.6804784
          ],
          [
            37.4282578,
            -2.6804749
          ],
          [
            37.4282368,
            -2.6804796
          ],
          [
            37.4282169,
            -2.6804959
          ],
          [
            37.4282029,
            -2.6805204
          ],
          [
            37.4281795,
            -2.6805775
          ],
          [
            37.4281679,
            -2.6806195
          ],
          [
            37.4281609,
            -2.6806638
          ],
          [
            37.4281667,
            -2.6807093
          ],
          [
            37.4281749,
            -2.6807362
          ],
          [
            37.4281901,
            -2.680749
          ],
          [
            37.4282204,
            -2.6807641
          ],
          [
            37.4282589,
            -2.6807665
          ],
          [
            37.4282951,
            -2.6807758
          ],
          [
            37.4283243,
            -2.6807805
          ],
          [
            37.4283372,
            -2.6807805
          ],
          [
            37.4283465,
            -2.6807688
          ]
        ]
      },
      "id": "way/419586676"
    },
    {
      "type": "Feature",
      "properties": {
        "@id": "way/419586677",
        "barrier": "fence"
      },
      "geometry": {
        "type": "LineString",
        "coordinates": [
          [
            37.4283068,
            -2.6804726
          ],
          [
            37.4283056,
            -2.6804504
          ],
          [
            37.4283185,
            -2.6804283
          ],
          [
            37.4283372,
            -2.6804119
          ],
          [
            37.4283663,
            -2.6804003
          ],
          [
            37.4283944,
            -2.6804003
          ],
          [
            37.4284189,
            -2.6804096
          ],
          [
            37.4284387,
            -2.6804294
          ],
          [
            37.4284551,
            -2.6804621
          ],
          [
            37.4284749,
            -2.6804912
          ],
          [
            37.4284901,
            -2.6805099
          ],
          [
            37.4285099,
            -2.6805437
          ],
          [
            37.4285181,
            -2.6805775
          ],
          [
            37.4285251,
            -2.6806009
          ],
          [
            37.4285286,
            -2.6806184
          ],
          [
            37.4285228,
            -2.6806324
          ],
          [
            37.4285134,
            -2.6806464
          ],
          [
            37.4285041,
            -2.6806813
          ],
          [
            37.4284983,
            -2.6807082
          ],
          [
            37.4284948,
            -2.680728
          ],
          [
            37.4284784,
            -2.6807501
          ],
          [
            37.4284527,
            -2.6807571
          ],
          [
            37.4284177,
            -2.6807641
          ],
          [
            37.4283955,
            -2.68077
          ],
          [
            37.4283839,
            -2.6807711
          ],
          [
            37.4283698,
            -2.6807641
          ]
        ]
      },
      "id": "way/419586677"
    },
    {
      "type": "Feature",
      "properties": {
        "@id": "way/420411858",
        "barrier": "fence"
      },
      "geometry": {
        "type": "LineString",
        "coordinates": [
          [
            37.4520748,
            -2.6882054
          ],
          [
            37.4520486,
            -2.6881377
          ]
        ]
      },
      "id": "way/420411858"
    },
    {
      "type": "Feature",
      "properties": {
        "@id": "way/420411859",
        "barrier": "fence"
      },
      "geometry": {
        "type": "LineString",
        "coordinates": [
          [
            37.4520425,
            -2.6881085
          ],
          [
            37.452101,
            -2.6880839
          ],
          [
            37.452138,
            -2.6880592
          ],
          [
            37.4521811,
            -2.6880277
          ],
          [
            37.4522428,
            -2.6881408
          ]
        ]
      },
      "id": "way/420411859"
    },
    {
      "type": "Feature",
      "properties": {
        "@id": "way/420411860",
        "barrier": "fence"
      },
      "geometry": {
        "type": "LineString",
        "coordinates": [
          [
            37.4522012,
            -2.6883932
          ],
          [
            37.452232,
            -2.6883716
          ],
          [
            37.4522582,
            -2.688347
          ],
          [
            37.4522643,
            -2.6883239
          ],
          [
            37.4522659,
            -2.6882916
          ],
          [
            37.4522535,
            -2.6882716
          ],
          [
            37.4522304,
            -2.6882593
          ],
          [
            37.4522304,
            -2.6882008
          ],
          [
            37.4522304,
            -2.6881762
          ],
          [
            37.452235,
            -2.6881531
          ]
        ]
      },
      "id": "way/420411860"
    },
    {
      "type": "Feature",
      "properties": {
        "@id": "way/420411861",
        "barrier": "fence"
      },
      "geometry": {
        "type": "LineString",
        "coordinates": [
          [
            37.4522428,
            -2.6881408
          ],
          [
            37.4522782,
            -2.68813
          ],
          [
            37.4523075,
            -2.6881285
          ],
          [
            37.4523537,
            -2.6881346
          ],
          [
            37.4523953,
            -2.6881562
          ],
          [
            37.4524261,
            -2.68819
          ],
          [
            37.4524446,
            -2.6882285
          ],
          [
            37.4524399,
            -2.688267
          ],
          [
            37.4524369,
            -2.6883054
          ],
          [
            37.4524307,
            -2.6883254
          ],
          [
            37.4524137,
            -2.6883331
          ],
          [
            37.4524199,
            -2.6883485
          ],
          [
            37.4524199,
            -2.6883685
          ],
          [
            37.4523983,
            -2.6883885
          ],
          [
            37.4523629,
            -2.6884101
          ],
          [
            37.4523367,
            -2.6884255
          ],
          [
            37.4523121,
            -2.6884286
          ]
        ]
      },
      "id": "way/420411861"
    },
    {
      "type": "Feature",
      "properties": {
        "@id": "way/420411862",
        "barrier": "fence"
      },
      "geometry": {
        "type": "LineString",
        "coordinates": [
          [
            37.4522012,
            -2.6883932
          ],
          [
            37.4522089,
            -2.6884224
          ],
          [
            37.4522289,
            -2.6884501
          ],
          [
            37.4522505,
            -2.6884624
          ],
          [
            37.4522674,
            -2.6884655
          ],
          [
            37.4522859,
            -2.6884547
          ],
          [
            37.4522951,
            -2.6884362
          ]
        ]
      },
      "id": "way/420411862"
    },
    {
      "type": "Feature",
      "properties": {
        "@id": "way/420411863",
        "barrier": "fence"
      },
      "geometry": {
        "type": "LineString",
        "coordinates": [
          [
            37.4524137,
            -2.6883331
          ],
          [
            37.452386,
            -2.6883331
          ],
          [
            37.4523645,
            -2.6883178
          ],
          [
            37.4523598,
            -2.6882947
          ],
          [
            37.4523598,
            -2.6882716
          ],
          [
            37.4523752,
            -2.6882593
          ],
          [
            37.4523968,
            -2.6882577
          ],
          [
            37.4524215,
            -2.6882608
          ],
          [
            37.4524399,
            -2.688267
          ]
        ]
      },
      "id": "way/420411863"
    },
    {
      "type": "Feature",
      "properties": {
        "@id": "way/420411864",
        "barrier": "fence"
      },
      "geometry": {
        "type": "LineString",
        "coordinates": [
          [
            37.4521549,
            -2.6882516
          ],
          [
            37.4521457,
            -2.6883224
          ],
          [
            37.452158,
            -2.6883501
          ],
          [
            37.4521811,
            -2.6883824
          ],
          [
            37.4522012,
            -2.6883932
          ]
        ]
      },
      "id": "way/420411864"
    },
    {
      "type": "Feature",
      "properties": {
        "@id": "way/420412055",
        "barrier": "fence"
      },
      "geometry": {
        "type": "LineString",
        "coordinates": [
          [
            37.4494493,
            -2.686251
          ],
          [
            37.4494212,
            -2.6862584
          ],
          [
            37.4493917,
            -2.6862718
          ],
          [
            37.4493783,
            -2.6862905
          ],
          [
            37.4493702,
            -2.6863153
          ],
          [
            37.4493695,
            -2.6863428
          ],
          [
            37.4493776,
            -2.6863689
          ],
          [
            37.4493883,
            -2.6863857
          ],
          [
            37.4494071,
            -2.686395
          ],
          [
            37.4494272,
            -2.6863977
          ],
          [
            37.449444,
            -2.6863964
          ],
          [
            37.4494373,
            -2.6864071
          ],
          [
            37.4494299,
            -2.6864212
          ],
          [
            37.4494346,
            -2.6864372
          ],
          [
            37.44945,
            -2.6864506
          ],
          [
            37.4494661,
            -2.6864526
          ],
          [
            37.4494862,
            -2.6864486
          ],
          [
            37.449499,
            -2.6864305
          ],
          [
            37.4495117,
            -2.6864051
          ],
          [
            37.4495318,
            -2.6863696
          ],
          [
            37.4495399,
            -2.6863495
          ],
          [
            37.4495392,
            -2.6863274
          ],
          [
            37.4495325,
            -2.6863073
          ],
          [
            37.4495211,
            -2.6862792
          ],
          [
            37.4495117,
            -2.6862644
          ],
          [
            37.4495051,
            -2.6862612
          ],
          [
            37.4494916,
            -2.686255
          ],
          [
            37.4494782,
            -2.686251
          ],
          [
            37.4494681,
            -2.6862497
          ]
        ]
      },
      "id": "way/420412055"
    },
    {
      "type": "Feature",
      "properties": {
        "@id": "way/420412056",
        "barrier": "fence"
      },
      "geometry": {
        "type": "LineString",
        "coordinates": [
          [
            37.4493897,
            -2.6863548
          ],
          [
            37.4494037,
            -2.6863495
          ],
          [
            37.4494185,
            -2.6863475
          ],
          [
            37.4494332,
            -2.6863535
          ],
          [
            37.4494493,
            -2.6863676
          ],
          [
            37.449452,
            -2.6863796
          ],
          [
            37.44945,
            -2.686387
          ],
          [
            37.449444,
            -2.6863964
          ]
        ]
      },
      "id": "way/420412056"
    },
    {
      "type": "Feature",
      "properties": {
        "@id": "way/420412083",
        "barrier": "fence"
      },
      "geometry": {
        "type": "LineString",
        "coordinates": [
          [
            37.4507812,
            -2.6860828
          ],
          [
            37.450766,
            -2.6860758
          ],
          [
            37.450752,
            -2.6860747
          ],
          [
            37.4507356,
            -2.6860887
          ],
          [
            37.4506959,
            -2.6861738
          ],
          [
            37.4506492,
            -2.6862963
          ],
          [
            37.4506364,
            -2.6863277
          ],
          [
            37.4506282,
            -2.6863452
          ],
          [
            37.4506294,
            -2.6863581
          ],
          [
            37.4506411,
            -2.6863662
          ],
          [
            37.4506726,
            -2.6863721
          ],
          [
            37.450773,
            -2.6863861
          ],
          [
            37.450857,
            -2.6863965
          ],
          [
            37.4508932,
            -2.6863954
          ],
          [
            37.4509107,
            -2.6863919
          ],
          [
            37.4509189,
            -2.6863802
          ],
          [
            37.4509294,
            -2.6863522
          ],
          [
            37.4509469,
            -2.6862683
          ],
          [
            37.4509644,
            -2.6861913
          ],
          [
            37.4509656,
            -2.6861645
          ],
          [
            37.4509656,
            -2.6861493
          ],
          [
            37.4509528,
            -2.6861365
          ],
          [
            37.4509341,
            -2.686126
          ],
          [
            37.4509014,
            -2.6861167
          ],
          [
            37.4508629,
            -2.6861085
          ],
          [
            37.4508057,
            -2.6860922
          ]
        ]
      },
      "id": "way/420412083"
    },
    {
      "type": "Feature",
      "properties": {
        "@id": "way/420412084",
        "barrier": "fence"
      },
      "geometry": {
        "type": "LineString",
        "coordinates": [
          [
            37.4507403,
            -2.6862519
          ],
          [
            37.4507263,
            -2.6862613
          ],
          [
            37.4507251,
            -2.6862764
          ],
          [
            37.4507368,
            -2.6862881
          ],
          [
            37.4507555,
            -2.6862916
          ],
          [
            37.450773,
            -2.6862869
          ],
          [
            37.45078,
            -2.6862764
          ],
          [
            37.4507776,
            -2.6862613
          ],
          [
            37.4507718,
            -2.6862496
          ],
          [
            37.4507601,
            -2.6862473
          ],
          [
            37.4507403,
            -2.6862519
          ]
        ]
      },
      "id": "way/420412084"
    },
    {
      "type": "Feature",
      "properties": {
        "@id": "way/420412116",
        "barrier": "fence"
      },
      "geometry": {
        "type": "LineString",
        "coordinates": [
          [
            37.4517972,
            -2.6869017
          ],
          [
            37.4517739,
            -2.6869145
          ],
          [
            37.4517482,
            -2.6869425
          ],
          [
            37.4517342,
            -2.6869717
          ],
          [
            37.4517225,
            -2.6870043
          ],
          [
            37.4517202,
            -2.6870381
          ],
          [
            37.4517237,
            -2.6870626
          ],
          [
            37.45174,
            -2.6870836
          ],
          [
            37.4517715,
            -2.6871023
          ],
          [
            37.4517972,
            -2.6871046
          ],
          [
            37.4518509,
            -2.6870941
          ],
          [
            37.451893,
            -2.6870755
          ],
          [
            37.4519291,
            -2.6870556
          ],
          [
            37.4519385,
            -2.6870253
          ],
          [
            37.4519385,
            -2.6869973
          ],
          [
            37.4519326,
            -2.6869635
          ],
          [
            37.451921,
            -2.6869367
          ],
          [
            37.4519035,
            -2.6869157
          ],
          [
            37.4518859,
            -2.6869029
          ],
          [
            37.4518638,
            -2.6868935
          ],
          [
            37.4518451,
            -2.6868924
          ],
          [
            37.4518229,
            -2.6868947
          ]
        ]
      },
      "id": "way/420412116"
    },
    {
      "type": "Feature",
      "properties": {
        "@id": "way/420412459",
        "barrier": "fence"
      },
      "geometry": {
        "type": "LineString",
        "coordinates": [
          [
            37.4525045,
            -2.6864996
          ],
          [
            37.4524717,
            -2.6864996
          ],
          [
            37.4524266,
            -2.6865138
          ],
          [
            37.4523956,
            -2.6865358
          ],
          [
            37.4523735,
            -2.6865668
          ],
          [
            37.4523638,
            -2.6866057
          ],
          [
            37.4523576,
            -2.6866446
          ],
          [
            37.4523638,
            -2.6866923
          ],
          [
            37.4523779,
            -2.6867285
          ],
          [
            37.452401,
            -2.6867542
          ],
          [
            37.4524293,
            -2.6867762
          ],
          [
            37.4524664,
            -2.6867895
          ],
          [
            37.4524974,
            -2.6867939
          ],
          [
            37.4525337,
            -2.6867913
          ],
          [
            37.4525682,
            -2.6867833
          ],
          [
            37.4525974,
            -2.6867639
          ],
          [
            37.4526204,
            -2.6867409
          ],
          [
            37.4526301,
            -2.6867126
          ],
          [
            37.4526381,
            -2.6866764
          ],
          [
            37.452639,
            -2.6866428
          ],
          [
            37.4526337,
            -2.6866083
          ],
          [
            37.4526195,
            -2.6865809
          ],
          [
            37.4526071,
            -2.6865615
          ],
          [
            37.4525956,
            -2.6865429
          ],
          [
            37.4525797,
            -2.6865288
          ],
          [
            37.4525602,
            -2.6865155
          ],
          [
            37.4525363,
            -2.6865049
          ],
          [
            37.4525248,
            -2.6865023
          ]
        ]
      },
      "id": "way/420412459"
    },
    {
      "type": "Feature",
      "properties": {
        "@id": "way/420412460",
        "barrier": "fence"
      },
      "geometry": {
        "type": "LineString",
        "coordinates": [
          [
            37.4524558,
            -2.686626
          ],
          [
            37.4524417,
            -2.6866269
          ],
          [
            37.4524328,
            -2.686641
          ],
          [
            37.4524337,
            -2.6866569
          ],
          [
            37.4524417,
            -2.6866667
          ],
          [
            37.4524602,
            -2.6866711
          ],
          [
            37.4524744,
            -2.6866649
          ],
          [
            37.4524824,
            -2.6866525
          ],
          [
            37.4524841,
            -2.6866375
          ],
          [
            37.452477,
            -2.6866269
          ],
          [
            37.4524647,
            -2.6866251
          ]
        ]
      },
      "id": "way/420412460"
    },
    {
      "type": "Feature",
      "properties": {
        "@id": "way/420415654",
        "barrier": "fence"
      },
      "geometry": {
        "type": "LineString",
        "coordinates": [
          [
            37.4406913,
            -2.6870946
          ],
          [
            37.4406773,
            -2.6870631
          ],
          [
            37.4406481,
            -2.6870409
          ],
          [
            37.4406213,
            -2.6870234
          ],
          [
            37.4405827,
            -2.6870153
          ],
          [
            37.4405407,
            -2.6870141
          ],
          [
            37.4405022,
            -2.6870211
          ],
          [
            37.4404753,
            -2.6870456
          ],
          [
            37.4404648,
            -2.6870806
          ],
          [
            37.440459,
            -2.6871214
          ],
          [
            37.440466,
            -2.6871529
          ],
          [
            37.440487,
            -2.6871855
          ],
          [
            37.4405068,
            -2.6872124
          ],
          [
            37.4405325,
            -2.687231
          ],
          [
            37.4405722,
            -2.6872404
          ],
          [
            37.4406236,
            -2.6872357
          ],
          [
            37.4406598,
            -2.6872194
          ],
          [
            37.4406773,
            -2.6871925
          ],
          [
            37.4406913,
            -2.6871506
          ],
          [
            37.4406948,
            -2.6871214
          ],
          [
            37.4406913,
            -2.6870946
          ]
        ]
      },
      "id": "way/420415654"
    },
    {
      "type": "Feature",
      "properties": {
        "@id": "way/420415657",
        "barrier": "fence"
      },
      "geometry": {
        "type": "LineString",
        "coordinates": [
          [
            37.4411809,
            -2.688225
          ],
          [
            37.4411586,
            -2.6881986
          ],
          [
            37.44112,
            -2.6881844
          ],
          [
            37.4410813,
            -2.6881833
          ],
          [
            37.4410437,
            -2.6881925
          ],
          [
            37.4410163,
            -2.6882138
          ],
          [
            37.440996,
            -2.6882544
          ],
          [
            37.4409909,
            -2.6882971
          ],
          [
            37.441001,
            -2.6883316
          ],
          [
            37.4410193,
            -2.688357
          ],
          [
            37.4410498,
            -2.6883773
          ],
          [
            37.4410813,
            -2.6883844
          ],
          [
            37.4411088,
            -2.6883884
          ],
          [
            37.4411382,
            -2.6883844
          ],
          [
            37.4411687,
            -2.6883651
          ],
          [
            37.441186,
            -2.6883458
          ],
          [
            37.4411962,
            -2.6883224
          ],
          [
            37.4411972,
            -2.6882991
          ],
          [
            37.4411962,
            -2.6882767
          ],
          [
            37.4411911,
            -2.6882575
          ]
        ]
      },
      "id": "way/420415657"
    },
    {
      "type": "Feature",
      "properties": {
        "@id": "way/420415662",
        "barrier": "fence"
      },
      "geometry": {
        "type": "LineString",
        "coordinates": [
          [
            37.4415895,
            -2.6881925
          ],
          [
            37.4415997,
            -2.6881722
          ],
          [
            37.4415926,
            -2.6881458
          ],
          [
            37.4415672,
            -2.6881184
          ],
          [
            37.4415417,
            -2.6881042
          ],
          [
            37.4415062,
            -2.6881042
          ],
          [
            37.4414737,
            -2.6881133
          ],
          [
            37.4414513,
            -2.6881306
          ],
          [
            37.4414391,
            -2.6881569
          ],
          [
            37.441434,
            -2.6881844
          ],
          [
            37.441431,
            -2.6882118
          ],
          [
            37.4414411,
            -2.6882351
          ],
          [
            37.4414665,
            -2.6882544
          ],
          [
            37.4414919,
            -2.6882646
          ],
          [
            37.4415224,
            -2.6882676
          ],
          [
            37.4415458,
            -2.6882544
          ],
          [
            37.4415651,
            -2.6882402
          ],
          [
            37.4415753,
            -2.688229
          ],
          [
            37.4415804,
            -2.6882118
          ]
        ]
      },
      "id": "way/420415662"
    },
    {
      "type": "Feature",
      "properties": {
        "@id": "way/422518220",
        "barrier": "fence"
      },
      "geometry": {
        "type": "LineString",
        "coordinates": [
          [
            37.4411927,
            -2.6875845
          ],
          [
            37.4411727,
            -2.6875907
          ],
          [
            37.4411449,
            -2.6875861
          ],
          [
            37.4411234,
            -2.6875768
          ],
          [
            37.4411049,
            -2.6875584
          ],
          [
            37.4410941,
            -2.6875245
          ],
          [
            37.4410895,
            -2.6874876
          ],
          [
            37.4411003,
            -2.6874537
          ],
          [
            37.4411157,
            -2.6874337
          ],
          [
            37.4411295,
            -2.6874183
          ],
          [
            37.4411557,
            -2.687406
          ],
          [
            37.4411727,
            -2.6874029
          ],
          [
            37.4411973,
            -2.6874045
          ],
          [
            37.441205,
            -2.6873845
          ],
          [
            37.4412173,
            -2.6873722
          ],
          [
            37.4412358,
            -2.6873691
          ],
          [
            37.4412636,
            -2.6873675
          ],
          [
            37.4412928,
            -2.6873691
          ],
          [
            37.441319,
            -2.6873722
          ],
          [
            37.4413452,
            -2.6873876
          ],
          [
            37.4413683,
            -2.6874091
          ],
          [
            37.4413914,
            -2.6874322
          ],
          [
            37.4414053,
            -2.6874568
          ],
          [
            37.4414022,
            -2.6874768
          ],
          [
            37.4414007,
            -2.6874907
          ]
        ]
      },
      "id": "way/422518220"
    },
    {
      "type": "Feature",
      "properties": {
        "@id": "way/422518221",
        "barrier": "fence"
      },
      "geometry": {
        "type": "LineString",
        "coordinates": [
          [
            37.4411342,
            -2.6876599
          ],
          [
            37.4411465,
            -2.6876815
          ],
          [
            37.4411696,
            -2.6877015
          ],
          [
            37.4412004,
            -2.6876969
          ],
          [
            37.4412281,
            -2.6876815
          ],
          [
            37.441242,
            -2.6876568
          ],
          [
            37.4412497,
            -2.6876215
          ]
        ]
      },
      "id": "way/422518221"
    },
    {
      "type": "Feature",
      "properties": {
        "@id": "way/422518222",
        "barrier": "fence"
      },
      "geometry": {
        "type": "LineString",
        "coordinates": [
          [
            37.4412158,
            -2.6875661
          ],
          [
            37.4412173,
            -2.6875861
          ],
          [
            37.4412266,
            -2.6876045
          ],
          [
            37.4412497,
            -2.6876215
          ],
          [
            37.4412697,
            -2.6876276
          ],
          [
            37.4412928,
            -2.6876292
          ],
          [
            37.4413159,
            -2.6876107
          ],
          [
            37.441335,
            -2.6875862
          ],
          [
            37.441356,
            -2.6875722
          ],
          [
            37.4413699,
            -2.6875568
          ],
          [
            37.4413837,
            -2.6875414
          ],
          [
            37.4413945,
            -2.6875168
          ]
        ]
      },
      "id": "way/422518222"
    },
    {
      "type": "Feature",
      "properties": {
        "@id": "way/422518225",
        "barrier": "fence"
      },
      "geometry": {
        "type": "LineString",
        "coordinates": [
          [
            37.4416333,
            -2.6884678
          ],
          [
            37.4416194,
            -2.6884447
          ],
          [
            37.4416179,
            -2.6884216
          ],
          [
            37.4416348,
            -2.6884032
          ],
          [
            37.4416641,
            -2.6883863
          ],
          [
            37.4417088,
            -2.6883601
          ],
          [
            37.4417319,
            -2.6883524
          ],
          [
            37.4417473,
            -2.6883539
          ],
          [
            37.4417581,
            -2.6883647
          ],
          [
            37.4417658,
            -2.6883863
          ],
          [
            37.4417796,
            -2.6884478
          ],
          [
            37.4417858,
            -2.688474
          ],
          [
            37.4417843,
            -2.6884894
          ],
          [
            37.4417688,
            -2.6885017
          ],
          [
            37.4417273,
            -2.6885294
          ],
          [
            37.441698,
            -2.6885448
          ],
          [
            37.4416857,
            -2.6885417
          ],
          [
            37.4416487,
            -2.6884894
          ]
        ]
      },
      "id": "way/422518225"
    },
    {
      "type": "Feature",
      "properties": {
        "@id": "way/422518227",
        "barrier": "fence"
      },
      "geometry": {
        "type": "LineString",
        "coordinates": [
          [
            37.4423065,
            -2.6882739
          ],
          [
            37.4423296,
            -2.6882447
          ],
          [
            37.4423573,
            -2.6882354
          ],
          [
            37.4423943,
            -2.6882293
          ],
          [
            37.4424621,
            -2.6882324
          ],
          [
            37.4425145,
            -2.6882508
          ],
          [
            37.4425561,
            -2.6882847
          ],
          [
            37.4425761,
            -2.6883401
          ],
          [
            37.4425715,
            -2.6883955
          ],
          [
            37.4425622,
            -2.6884293
          ],
          [
            37.4425391,
            -2.6884617
          ],
          [
            37.4425129,
            -2.6884755
          ],
          [
            37.4424682,
            -2.6884863
          ],
          [
            37.4424251,
            -2.6884847
          ],
          [
            37.442382,
            -2.6884632
          ],
          [
            37.4423419,
            -2.6884324
          ],
          [
            37.4423157,
            -2.6884063
          ],
          [
            37.4422957,
            -2.6883724
          ]
        ]
      },
      "id": "way/422518227"
    },
    {
      "type": "Feature",
      "properties": {
        "@id": "way/422518228",
        "barrier": "fence"
      },
      "geometry": {
        "type": "LineString",
        "coordinates": [
          [
            37.4423065,
            -2.6882739
          ],
          [
            37.4422834,
            -2.6882785
          ],
          [
            37.4422695,
            -2.6883062
          ],
          [
            37.4422664,
            -2.6883339
          ],
          [
            37.4422726,
            -2.688357
          ],
          [
            37.4422957,
            -2.6883724
          ],
          [
            37.4423234,
            -2.6883816
          ],
          [
            37.4423527,
            -2.6883801
          ],
          [
            37.4423758,
            -2.6883709
          ],
          [
            37.4423897,
            -2.6883416
          ],
          [
            37.4423774,
            -2.6883078
          ],
          [
            37.4423573,
            -2.6882924
          ],
          [
            37.4423373,
            -2.6882816
          ],
          [
            37.4423065,
            -2.6882739
          ]
        ]
      },
      "id": "way/422518228"
    },
    {
      "type": "Feature",
      "properties": {
        "@id": "way/422518231",
        "barrier": "fence"
      },
      "geometry": {
        "type": "LineString",
        "coordinates": [
          [
            37.4421617,
            -2.687843
          ],
          [
            37.4421417,
            -2.6878184
          ],
          [
            37.4421124,
            -2.6877907
          ],
          [
            37.4420739,
            -2.6877784
          ],
          [
            37.4420461,
            -2.6877815
          ],
          [
            37.442023,
            -2.6877984
          ],
          [
            37.4420123,
            -2.6878277
          ],
          [
            37.4420015,
            -2.6878554
          ],
          [
            37.4420015,
            -2.6878723
          ],
          [
            37.44202,
            -2.6878892
          ],
          [
            37.44206,
            -2.6879231
          ],
          [
            37.4420831,
            -2.6879431
          ],
          [
            37.4421016,
            -2.6879538
          ],
          [
            37.4421201,
            -2.6879554
          ],
          [
            37.442137,
            -2.6879477
          ]
        ]
      },
      "id": "way/422518231"
    },
    {
      "type": "Feature",
      "properties": {
        "@id": "way/422518232",
        "barrier": "fence"
      },
      "geometry": {
        "type": "LineString",
        "coordinates": [
          [
            37.4421771,
            -2.6878338
          ],
          [
            37.4421617,
            -2.687843
          ],
          [
            37.4421432,
            -2.6878692
          ],
          [
            37.4421355,
            -2.6879015
          ],
          [
            37.4421324,
            -2.6879261
          ],
          [
            37.442137,
            -2.6879477
          ],
          [
            37.4421601,
            -2.6879831
          ],
          [
            37.4421879,
            -2.6880031
          ],
          [
            37.4422248,
            -2.6880123
          ],
          [
            37.4422572,
            -2.6880062
          ],
          [
            37.4422926,
            -2.6879923
          ],
          [
            37.4423219,
            -2.6879569
          ],
          [
            37.4423419,
            -2.6879308
          ],
          [
            37.4423404,
            -2.6878938
          ],
          [
            37.4423327,
            -2.6878631
          ],
          [
            37.4423157,
            -2.6878338
          ],
          [
            37.4423042,
            -2.6878256
          ],
          [
            37.4422942,
            -2.6878184
          ],
          [
            37.4422572,
            -2.6878107
          ],
          [
            37.4422264,
            -2.6878138
          ],
          [
            37.4422045,
            -2.6878208
          ],
          [
            37.4421925,
            -2.6878246
          ]
        ]
      },
      "id": "way/422518232"
    },
    {
      "type": "Feature",
      "properties": {
        "@id": "way/422518233",
        "barrier": "fence"
      },
      "geometry": {
        "type": "LineString",
        "coordinates": [
          [
            37.4422045,
            -2.6878208
          ],
          [
            37.4421894,
            -2.6877938
          ],
          [
            37.4421802,
            -2.6877446
          ],
          [
            37.4421802,
            -2.6877138
          ],
          [
            37.4421832,
            -2.6876984
          ],
          [
            37.4422033,
            -2.6876892
          ],
          [
            37.442248,
            -2.6876876
          ],
          [
            37.4422772,
            -2.6876892
          ],
          [
            37.4422957,
            -2.6876922
          ],
          [
            37.442305,
            -2.6877046
          ],
          [
            37.442308,
            -2.6877261
          ],
          [
            37.4423142,
            -2.6877523
          ],
          [
            37.4423157,
            -2.6877784
          ],
          [
            37.4423157,
            -2.6877923
          ],
          [
            37.4423042,
            -2.6878256
          ]
        ]
      },
      "id": "way/422518233"
    },
    {
      "type": "Feature",
      "properties": {
        "@id": "way/423200005",
        "barrier": "fence"
      },
      "geometry": {
        "type": "LineString",
        "coordinates": [
          [
            37.4210137,
            -2.7055621
          ],
          [
            37.4209479,
            -2.7056076
          ],
          [
            37.4208876,
            -2.7056799
          ],
          [
            37.4208648,
            -2.7057737
          ],
          [
            37.4208782,
            -2.7058367
          ],
          [
            37.4209117,
            -2.7058822
          ],
          [
            37.4209479,
            -2.7059171
          ],
          [
            37.4209895,
            -2.7059372
          ],
          [
            37.4210472,
            -2.7059398
          ],
          [
            37.4210981,
            -2.7059358
          ],
          [
            37.421125,
            -2.7059184
          ]
        ]
      },
      "id": "way/423200005"
    },
    {
      "type": "Feature",
      "properties": {
        "@id": "way/423200006",
        "barrier": "fence"
      },
      "geometry": {
        "type": "LineString",
        "coordinates": [
          [
            37.4210472,
            -2.7055446
          ],
          [
            37.4211183,
            -2.7055179
          ],
          [
            37.421192,
            -2.7055179
          ],
          [
            37.4212591,
            -2.7055446
          ],
          [
            37.4213221,
            -2.7056022
          ],
          [
            37.4213476,
            -2.7056505
          ],
          [
            37.4213462,
            -2.7056947
          ],
          [
            37.4213342,
            -2.7057201
          ],
          [
            37.4213208,
            -2.7057389
          ],
          [
            37.4213087,
            -2.7057871
          ],
          [
            37.421302,
            -2.7058407
          ],
          [
            37.4212805,
            -2.7058795
          ],
          [
            37.4212416,
            -2.7059077
          ],
          [
            37.4211934,
            -2.7059238
          ],
          [
            37.4211746,
            -2.7059171
          ],
          [
            37.4211612,
            -2.7059037
          ]
        ]
      },
      "id": "way/423200006"
    },
    {
      "type": "Feature",
      "properties": {
        "@id": "way/423200007",
        "barrier": "fence"
      },
      "geometry": {
        "type": "LineString",
        "coordinates": [
          [
            37.4211142,
            -2.7057442
          ],
          [
            37.4211075,
            -2.7057255
          ],
          [
            37.4210847,
            -2.7057201
          ],
          [
            37.4210673,
            -2.7057255
          ],
          [
            37.4210579,
            -2.7057483
          ],
          [
            37.4210606,
            -2.705771
          ],
          [
            37.4210753,
            -2.7057844
          ],
          [
            37.4210928,
            -2.7057818
          ],
          [
            37.4211075,
            -2.7057684
          ],
          [
            37.4211142,
            -2.7057442
          ]
        ]
      },
      "id": "way/423200007"
    },
    {
      "type": "Feature",
      "properties": {
        "@id": "way/423200008",
        "barrier": "fence"
      },
      "geometry": {
        "type": "LineString",
        "coordinates": [
          [
            37.4210928,
            -2.7057818
          ],
          [
            37.4210995,
            -2.7057992
          ],
          [
            37.4211196,
            -2.7058166
          ],
          [
            37.4211397,
            -2.7058166
          ],
          [
            37.4211558,
            -2.7058005
          ],
          [
            37.4211652,
            -2.7057831
          ],
          [
            37.4211639,
            -2.7057603
          ],
          [
            37.4211421,
            -2.7057399
          ],
          [
            37.4211142,
            -2.7057442
          ]
        ]
      },
      "id": "way/423200008"
    },
    {
      "type": "Feature",
      "properties": {
        "@id": "way/423200009",
        "barrier": "fence"
      },
      "geometry": {
        "type": "LineString",
        "coordinates": [
          [
            37.421758,
            -2.7049914
          ],
          [
            37.4217311,
            -2.704974
          ],
          [
            37.4217083,
            -2.7049311
          ],
          [
            37.4217097,
            -2.7048842
          ],
          [
            37.4217405,
            -2.7048199
          ],
          [
            37.4217794,
            -2.7047851
          ],
          [
            37.4218109,
            -2.7047725
          ],
          [
            37.4218398,
            -2.704761
          ],
          [
            37.4219229,
            -2.704757
          ],
          [
            37.421994,
            -2.7047784
          ],
          [
            37.4220611,
            -2.7048199
          ],
          [
            37.4220879,
            -2.7048467
          ],
          [
            37.4221053,
            -2.7048802
          ],
          [
            37.4221067,
            -2.7049097
          ],
          [
            37.4220999,
            -2.7049432
          ]
        ]
      },
      "id": "way/423200009"
    },
    {
      "type": "Feature",
      "properties": {
        "@id": "way/423200010",
        "barrier": "fence"
      },
      "geometry": {
        "type": "LineString",
        "coordinates": [
          [
            37.4217808,
            -2.7050195
          ],
          [
            37.4217754,
            -2.7050423
          ],
          [
            37.4217888,
            -2.7050731
          ],
          [
            37.4218143,
            -2.7050932
          ],
          [
            37.4218384,
            -2.7051053
          ],
          [
            37.4218706,
            -2.7051079
          ],
          [
            37.4219001,
            -2.7051106
          ],
          [
            37.4219323,
            -2.7051012
          ],
          [
            37.4219538,
            -2.7050811
          ]
        ]
      },
      "id": "way/423200010"
    },
    {
      "type": "Feature",
      "properties": {
        "@id": "way/423200011",
        "barrier": "fence"
      },
      "geometry": {
        "type": "LineString",
        "coordinates": [
          [
            37.4218109,
            -2.7047725
          ],
          [
            37.4218317,
            -2.7047945
          ],
          [
            37.4218451,
            -2.7048105
          ],
          [
            37.4218518,
            -2.7048306
          ]
        ]
      },
      "id": "way/423200011"
    },
    {
      "type": "Feature",
      "properties": {
        "@id": "way/423200012",
        "barrier": "fence"
      },
      "geometry": {
        "type": "LineString",
        "coordinates": [
          [
            37.4218277,
            -2.7049619
          ],
          [
            37.4218116,
            -2.704919
          ],
          [
            37.4218089,
            -2.7048869
          ],
          [
            37.421817,
            -2.7048641
          ],
          [
            37.4218344,
            -2.7048454
          ],
          [
            37.4218518,
            -2.7048306
          ],
          [
            37.4218706,
            -2.7048213
          ],
          [
            37.4218961,
            -2.7048199
          ]
        ]
      },
      "id": "way/423200012"
    },
    {
      "type": "Feature",
      "properties": {
        "@id": "way/423200013",
        "barrier": "fence"
      },
      "geometry": {
        "type": "LineString",
        "coordinates": [
          [
            37.4218961,
            -2.7048199
          ],
          [
            37.4218934,
            -2.7048467
          ],
          [
            37.4218961,
            -2.7048681
          ],
          [
            37.4219095,
            -2.7048829
          ],
          [
            37.4219256,
            -2.7048882
          ],
          [
            37.421939,
            -2.7048882
          ],
          [
            37.4219524,
            -2.7048802
          ]
        ]
      },
      "id": "way/423200013"
    },
    {
      "type": "Feature",
      "properties": {
        "@id": "way/423200014",
        "barrier": "fence"
      },
      "geometry": {
        "type": "LineString",
        "coordinates": [
          [
            37.4218961,
            -2.7048199
          ],
          [
            37.4219149,
            -2.7048105
          ],
          [
            37.4219377,
            -2.7048105
          ],
          [
            37.4219632,
            -2.7048199
          ],
          [
            37.4219739,
            -2.704836
          ],
          [
            37.4219766,
            -2.7048574
          ],
          [
            37.4219699,
            -2.7048681
          ]
        ]
      },
      "id": "way/423200014"
    },
    {
      "type": "Feature",
      "properties": {
        "@id": "way/423200015",
        "barrier": "fence"
      },
      "geometry": {
        "type": "LineString",
        "coordinates": [
          [
            37.4218411,
            -2.7049753
          ],
          [
            37.4218706,
            -2.7049994
          ],
          [
            37.4219055,
            -2.7050155
          ],
          [
            37.421939,
            -2.7050168
          ],
          [
            37.4219658,
            -2.7050048
          ],
          [
            37.4219927,
            -2.704986
          ],
          [
            37.4220034,
            -2.7049646
          ],
          [
            37.4220061,
            -2.7049445
          ],
          [
            37.4220047,
            -2.7049204
          ],
          [
            37.4219927,
            -2.7048882
          ],
          [
            37.4219766,
            -2.7048574
          ]
        ]
      },
      "id": "way/423200015"
    },
    {
      "type": "Feature",
      "properties": {
        "@id": "way/423200947",
        "barrier": "fence"
      },
      "geometry": {
        "type": "LineString",
        "coordinates": [
          [
            37.4215738,
            -2.6867279
          ],
          [
            37.4215676,
            -2.6867164
          ],
          [
            37.4215446,
            -2.686704
          ],
          [
            37.4215092,
            -2.6866952
          ],
          [
            37.4214879,
            -2.6866802
          ],
          [
            37.4214711,
            -2.6866537
          ],
          [
            37.4214667,
            -2.6866165
          ],
          [
            37.4214676,
            -2.6865962
          ],
          [
            37.4214888,
            -2.686583
          ],
          [
            37.4215162,
            -2.6865838
          ],
          [
            37.421533,
            -2.6865891
          ],
          [
            37.4215507,
            -2.6865706
          ],
          [
            37.4215791,
            -2.6865591
          ],
          [
            37.4216215,
            -2.6865485
          ],
          [
            37.4216578,
            -2.6865485
          ],
          [
            37.421695,
            -2.6865626
          ],
          [
            37.4217242,
            -2.6865865
          ],
          [
            37.4217507,
            -2.6866165
          ],
          [
            37.4217649,
            -2.6866484
          ],
          [
            37.4217675,
            -2.6866749
          ],
          [
            37.4217587,
            -2.686704
          ],
          [
            37.4217436,
            -2.6867367
          ],
          [
            37.4217312,
            -2.6867633
          ],
          [
            37.4217153,
            -2.6867818
          ],
          [
            37.4216967,
            -2.6867809
          ]
        ]
      },
      "id": "way/423200947"
    },
    {
      "type": "Feature",
      "properties": {
        "@id": "way/423200948",
        "barrier": "fence"
      },
      "geometry": {
        "type": "LineString",
        "coordinates": [
          [
            37.4215738,
            -2.6867279
          ],
          [
            37.4215779,
            -2.686742
          ],
          [
            37.4215879,
            -2.6867765
          ],
          [
            37.4216047,
            -2.6868145
          ],
          [
            37.4216215,
            -2.6868375
          ],
          [
            37.4216454,
            -2.6868437
          ],
          [
            37.4216622,
            -2.6868446
          ],
          [
            37.4216755,
            -2.6868357
          ],
          [
            37.4216835,
            -2.6868172
          ],
          [
            37.4216835,
            -2.6868013
          ],
          [
            37.4216808,
            -2.6867827
          ]
        ]
      },
      "id": "way/423200948"
    },
    {
      "type": "Feature",
      "properties": {
        "@id": "way/423200949",
        "barrier": "fence"
      },
      "geometry": {
        "type": "LineString",
        "coordinates": [
          [
            37.4215779,
            -2.686742
          ],
          [
            37.4216136,
            -2.6867138
          ],
          [
            37.4216436,
            -2.6866987
          ]
        ]
      },
      "id": "way/423200949"
    },
    {
      "type": "Feature",
      "properties": {
        "@id": "way/423200950",
        "barrier": "fence"
      },
      "geometry": {
        "type": "LineString",
        "coordinates": [
          [
            37.4217507,
            -2.6866165
          ],
          [
            37.4217277,
            -2.6866378
          ],
          [
            37.4217038,
            -2.6866545
          ],
          [
            37.4216861,
            -2.6866775
          ],
          [
            37.4216702,
            -2.6866872
          ],
          [
            37.4216605,
            -2.6866899
          ]
        ]
      },
      "id": "way/423200950"
    },
    {
      "type": "Feature",
      "properties": {
        "@id": "way/423201055",
        "barrier": "fence"
      },
      "geometry": {
        "type": "LineString",
        "coordinates": [
          [
            37.4225119,
            -2.6845749
          ],
          [
            37.4224712,
            -2.6845901
          ],
          [
            37.4224509,
            -2.6846104
          ],
          [
            37.4224468,
            -2.6846399
          ],
          [
            37.4224499,
            -2.6846774
          ],
          [
            37.4224651,
            -2.6847048
          ],
          [
            37.4224885,
            -2.6847272
          ],
          [
            37.4225149,
            -2.6847323
          ],
          [
            37.4225353,
            -2.6847262
          ],
          [
            37.4225556,
            -2.6847109
          ],
          [
            37.4225647,
            -2.6846866
          ],
          [
            37.4225729,
            -2.6846673
          ]
        ]
      },
      "id": "way/423201055"
    },
    {
      "type": "Feature",
      "properties": {
        "@id": "way/423201056",
        "barrier": "fence"
      },
      "geometry": {
        "type": "LineString",
        "coordinates": [
          [
            37.4225119,
            -2.6845749
          ],
          [
            37.4225078,
            -2.6845272
          ],
          [
            37.422519,
            -2.6844866
          ],
          [
            37.4225312,
            -2.6844622
          ],
          [
            37.4225444,
            -2.6844541
          ],
          [
            37.4225637,
            -2.6844531
          ],
          [
            37.4225881,
            -2.684447
          ],
          [
            37.4226084,
            -2.6844348
          ],
          [
            37.4226237,
            -2.6844257
          ],
          [
            37.4226481,
            -2.6844236
          ],
          [
            37.4226908,
            -2.6844358
          ],
          [
            37.4227324,
            -2.6844663
          ],
          [
            37.422768,
            -2.684514
          ],
          [
            37.4227843,
            -2.6845668
          ],
          [
            37.4227822,
            -2.6846094
          ]
        ]
      },
      "id": "way/423201056"
    },
    {
      "type": "Feature",
      "properties": {
        "@id": "way/423201057",
        "barrier": "fence"
      },
      "geometry": {
        "type": "LineString",
        "coordinates": [
          [
            37.4227741,
            -2.6846328
          ],
          [
            37.4227605,
            -2.6846629
          ],
          [
            37.4227548,
            -2.6846754
          ],
          [
            37.4227163,
            -2.6847047
          ],
          [
            37.422708,
            -2.6847109
          ],
          [
            37.4226694,
            -2.6847191
          ],
          [
            37.4226359,
            -2.6847059
          ],
          [
            37.4226115,
            -2.6846906
          ],
          [
            37.4225912,
            -2.6846744
          ],
          [
            37.4225729,
            -2.6846673
          ],
          [
            37.4225556,
            -2.684646
          ],
          [
            37.4225332,
            -2.6846155
          ],
          [
            37.422521,
            -2.6845962
          ],
          [
            37.4225119,
            -2.6845749
          ]
        ]
      },
      "id": "way/423201057"
    },
    {
      "type": "Feature",
      "properties": {
        "@id": "way/423201058",
        "barrier": "fence"
      },
      "geometry": {
        "type": "LineString",
        "coordinates": [
          [
            37.4227605,
            -2.6846629
          ],
          [
            37.4227396,
            -2.684647
          ],
          [
            37.4227131,
            -2.6846419
          ],
          [
            37.4226938,
            -2.6846429
          ],
          [
            37.4226826,
            -2.6846531
          ],
          [
            37.4226826,
            -2.6846683
          ],
          [
            37.4226877,
            -2.6846835
          ],
          [
            37.4226958,
            -2.6846947
          ],
          [
            37.4227163,
            -2.6847047
          ]
        ]
      },
      "id": "way/423201058"
    },
    {
      "type": "Feature",
      "properties": {
        "@id": "way/423203937",
        "barrier": "fence"
      },
      "geometry": {
        "type": "LineString",
        "coordinates": [
          [
            37.4265395,
            -2.6855883
          ],
          [
            37.42651,
            -2.6855709
          ],
          [
            37.4264591,
            -2.6855601
          ],
          [
            37.4264135,
            -2.6855588
          ],
          [
            37.4263665,
            -2.6855655
          ],
          [
            37.4263317,
            -2.6855856
          ],
          [
            37.4263156,
            -2.6856177
          ],
          [
            37.4263062,
            -2.6856459
          ],
          [
            37.4263062,
            -2.6856713
          ],
          [
            37.4263102,
            -2.6856874
          ]
        ]
      },
      "id": "way/423203937"
    },
    {
      "type": "Feature",
      "properties": {
        "@id": "way/423203939",
        "barrier": "fence"
      },
      "geometry": {
        "type": "LineString",
        "coordinates": [
          [
            37.4263062,
            -2.6857169
          ],
          [
            37.4262941,
            -2.6857852
          ],
          [
            37.4263075,
            -2.6858307
          ],
          [
            37.4263209,
            -2.6858575
          ],
          [
            37.426329,
            -2.6858696
          ],
          [
            37.4263531,
            -2.6858736
          ]
        ]
      },
      "id": "way/423203939"
    },
    {
      "type": "Feature",
      "properties": {
        "@id": "way/423203941",
        "barrier": "fence"
      },
      "geometry": {
        "type": "LineString",
        "coordinates": [
          [
            37.4264094,
            -2.6859553
          ],
          [
            37.4263692,
            -2.6859593
          ],
          [
            37.4263464,
            -2.685946
          ],
          [
            37.426333,
            -2.6859259
          ],
          [
            37.4263236,
            -2.6859044
          ],
          [
            37.426329,
            -2.6858696
          ]
        ]
      },
      "id": "way/423203941"
    },
    {
      "type": "Feature",
      "properties": {
        "@id": "way/423203943",
        "barrier": "fence"
      },
      "geometry": {
        "type": "LineString",
        "coordinates": [
          [
            37.426565,
            -2.685603
          ],
          [
            37.4266066,
            -2.6856164
          ],
          [
            37.4266468,
            -2.685666
          ],
          [
            37.4266683,
            -2.6857155
          ],
          [
            37.426679,
            -2.6857691
          ],
          [
            37.4266763,
            -2.6858187
          ],
          [
            37.4266629,
            -2.6858495
          ]
        ]
      },
      "id": "way/423203943"
    },
    {
      "type": "Feature",
      "properties": {
        "@id": "way/423203945",
        "barrier": "fence"
      },
      "geometry": {
        "type": "LineString",
        "coordinates": [
          [
            37.4264229,
            -2.6859727
          ],
          [
            37.4264591,
            -2.6860036
          ],
          [
            37.4264926,
            -2.6860103
          ],
          [
            37.4265073,
            -2.6860036
          ],
          [
            37.4265114,
            -2.6859902
          ]
        ]
      },
      "id": "way/423203945"
    },
    {
      "type": "Feature",
      "properties": {
        "@id": "way/423203947",
        "barrier": "fence"
      },
      "geometry": {
        "type": "LineString",
        "coordinates": [
          [
            37.4266575,
            -2.6858803
          ],
          [
            37.4266468,
            -2.6859165
          ],
          [
            37.4266254,
            -2.6859687
          ],
          [
            37.4265959,
            -2.6859848
          ],
          [
            37.4265409,
            -2.6860062
          ],
          [
            37.4265208,
            -2.6860103
          ],
          [
            37.4265073,
            -2.6860036
          ]
        ]
      },
      "id": "way/423203947"
    },
    {
      "type": "Feature",
      "properties": {
        "@id": "way/423203949",
        "barrier": "fence"
      },
      "geometry": {
        "type": "LineString",
        "coordinates": [
          [
            37.4264497,
            -2.6856753
          ],
          [
            37.4264322,
            -2.6856646
          ],
          [
            37.4264135,
            -2.6856633
          ],
          [
            37.4263907,
            -2.6856727
          ],
          [
            37.4263799,
            -2.6856887
          ],
          [
            37.4263866,
            -2.6857209
          ],
          [
            37.4264027,
            -2.6857356
          ],
          [
            37.4264309,
            -2.6857396
          ],
          [
            37.4264524,
            -2.6857343
          ],
          [
            37.4264591,
            -2.6857129
          ],
          [
            37.4264534,
            -2.68569
          ],
          [
            37.4264504,
            -2.6856782
          ],
          [
            37.4264497,
            -2.6856753
          ]
        ]
      },
      "id": "way/423203949"
    },
    {
      "type": "Feature",
      "properties": {
        "@id": "way/423204731",
        "barrier": "fence"
      },
      "geometry": {
        "type": "LineString",
        "coordinates": [
          [
            37.4264027,
            -2.6857356
          ],
          [
            37.4263923,
            -2.6857615
          ],
          [
            37.4263857,
            -2.6857992
          ],
          [
            37.4263865,
            -2.6858107
          ],
          [
            37.4263884,
            -2.6858272
          ],
          [
            37.4263915,
            -2.6858361
          ]
        ]
      },
      "id": "way/423204731"
    },
    {
      "type": "Feature",
      "properties": {
        "@id": "way/423204732",
        "barrier": "fence"
      },
      "geometry": {
        "type": "LineString",
        "coordinates": [
          [
            37.4264504,
            -2.6856782
          ],
          [
            37.4264766,
            -2.6856768
          ],
          [
            37.4265013,
            -2.6856903
          ],
          [
            37.4265255,
            -2.6857195
          ],
          [
            37.4265456,
            -2.685748
          ],
          [
            37.4265463,
            -2.6858007
          ],
          [
            37.426544,
            -2.6858215
          ],
          [
            37.4265375,
            -2.6858361
          ]
        ]
      },
      "id": "way/423204732"
    },
    {
      "type": "Feature",
      "properties": {
        "@id": "way/423204733",
        "barrier": "fence"
      },
      "geometry": {
        "type": "LineString",
        "coordinates": [
          [
            37.4265641,
            -2.6858742
          ],
          [
            37.4265652,
            -2.6858561
          ],
          [
            37.4265579,
            -2.6858457
          ],
          [
            37.4265498,
            -2.6858395
          ],
          [
            37.4265375,
            -2.6858361
          ],
          [
            37.4265225,
            -2.6858453
          ],
          [
            37.4265132,
            -2.6858596
          ],
          [
            37.4265109,
            -2.6858742
          ],
          [
            37.4265155,
            -2.6858849
          ],
          [
            37.4265221,
            -2.6858942
          ],
          [
            37.4265356,
            -2.6858992
          ],
          [
            37.4265479,
            -2.6858996
          ],
          [
            37.4265544,
            -2.6858957
          ],
          [
            37.4265606,
            -2.6858876
          ]
        ]
      },
      "id": "way/423204733"
    },
    {
      "type": "Feature",
      "properties": {
        "@id": "way/423204734",
        "barrier": "fence"
      },
      "geometry": {
        "type": "LineString",
        "coordinates": [
          [
            37.4264581,
            -2.6858876
          ],
          [
            37.4264578,
            -2.6858696
          ],
          [
            37.4264504,
            -2.685853
          ],
          [
            37.4264385,
            -2.6858457
          ],
          [
            37.4264266,
            -2.6858434
          ],
          [
            37.4264119,
            -2.6858492
          ],
          [
            37.4264008,
            -2.6858619
          ],
          [
            37.4263973,
            -2.6858742
          ],
          [
            37.4264004,
            -2.6858884
          ],
          [
            37.4264104,
            -2.685903
          ],
          [
            37.4264243,
            -2.6859084
          ],
          [
            37.4264335,
            -2.6859088
          ],
          [
            37.4264416,
            -2.6859069
          ],
          [
            37.426452,
            -2.6859003
          ]
        ]
      },
      "id": "way/423204734"
    },
    {
      "type": "Feature",
      "properties": {
        "@id": "way/423204735",
        "barrier": "fence"
      },
      "geometry": {
        "type": "LineString",
        "coordinates": [
          [
            37.4220285,
            -2.688043
          ],
          [
            37.4219883,
            -2.688043
          ],
          [
            37.4219521,
            -2.6880109
          ],
          [
            37.4219226,
            -2.6879385
          ],
          [
            37.4219199,
            -2.6878957
          ],
          [
            37.4219293,
            -2.6878474
          ],
          [
            37.421948,
            -2.6878006
          ],
          [
            37.4219802,
            -2.6877657
          ],
          [
            37.4220084,
            -2.6877523
          ],
          [
            37.4220433,
            -2.6877483
          ],
          [
            37.4220741,
            -2.6877523
          ],
          [
            37.4220929,
            -2.6877617
          ],
          [
            37.4221251,
            -2.6877697
          ]
        ]
      },
      "id": "way/423204735"
    },
    {
      "type": "Feature",
      "properties": {
        "@id": "way/423204736",
        "barrier": "fence"
      },
      "geometry": {
        "type": "LineString",
        "coordinates": [
          [
            37.4220547,
            -2.6880457
          ],
          [
            37.4220815,
            -2.6880531
          ],
          [
            37.4221123,
            -2.6880444
          ],
          [
            37.4221526,
            -2.6880089
          ],
          [
            37.4221663,
            -2.6879866
          ],
          [
            37.4221707,
            -2.6879794
          ],
          [
            37.4221693,
            -2.6879405
          ],
          [
            37.4221606,
            -2.6879037
          ],
          [
            37.422159,
            -2.687889
          ],
          [
            37.4221572,
            -2.6878716
          ],
          [
            37.4221472,
            -2.6878528
          ],
          [
            37.4221412,
            -2.6878414
          ],
          [
            37.4221385,
            -2.6878133
          ],
          [
            37.4221432,
            -2.6877932
          ]
        ]
      },
      "id": "way/423204736"
    },
    {
      "type": "Feature",
      "properties": {
        "@id": "way/423205283",
        "barrier": "fence"
      },
      "geometry": {
        "type": "LineString",
        "coordinates": [
          [
            37.4221251,
            -2.6877697
          ],
          [
            37.4221371,
            -2.687732
          ],
          [
            37.4221797,
            -2.6876914
          ],
          [
            37.4222055,
            -2.6876755
          ],
          [
            37.4222326,
            -2.6876589
          ],
          [
            37.4222793,
            -2.6876538
          ],
          [
            37.4223231,
            -2.687666
          ],
          [
            37.4223759,
            -2.6877086
          ],
          [
            37.4224084,
            -2.6877655
          ],
          [
            37.4224105,
            -2.6878112
          ],
          [
            37.4223952,
            -2.6878589
          ],
          [
            37.4223759,
            -2.6878934
          ],
          [
            37.4223495,
            -2.6879117
          ],
          [
            37.4223332,
            -2.6879168
          ],
          [
            37.4223159,
            -2.6879147
          ]
        ]
      },
      "id": "way/423205283"
    },
    {
      "type": "Feature",
      "properties": {
        "@id": "way/423205284",
        "barrier": "fence"
      },
      "geometry": {
        "type": "LineString",
        "coordinates": [
          [
            37.4221707,
            -2.6879794
          ],
          [
            37.4221899,
            -2.6880061
          ],
          [
            37.4222295,
            -2.6880122
          ],
          [
            37.4222661,
            -2.6880061
          ],
          [
            37.4222905,
            -2.6879888
          ],
          [
            37.4222997,
            -2.6879675
          ],
          [
            37.4223007,
            -2.6879482
          ],
          [
            37.4222966,
            -2.687932
          ]
        ]
      },
      "id": "way/423205284"
    },
    {
      "type": "Feature",
      "properties": {
        "@id": "way/423205289",
        "barrier": "fence"
      },
      "geometry": {
        "type": "LineString",
        "coordinates": [
          [
            37.4221412,
            -2.6878414
          ],
          [
            37.4221238,
            -2.6878457
          ],
          [
            37.4221076,
            -2.6878508
          ],
          [
            37.4220964,
            -2.6878558
          ]
        ]
      },
      "id": "way/423205289"
    },
    {
      "type": "Feature",
      "properties": {
        "@id": "way/423205290",
        "barrier": "fence"
      },
      "geometry": {
        "type": "LineString",
        "coordinates": [
          [
            37.422159,
            -2.687889
          ],
          [
            37.4221452,
            -2.6879066
          ],
          [
            37.4221208,
            -2.6879127
          ],
          [
            37.4221045,
            -2.6879117
          ],
          [
            37.4220893,
            -2.6879005
          ],
          [
            37.4220822,
            -2.6878904
          ],
          [
            37.4220812,
            -2.6878792
          ],
          [
            37.4220873,
            -2.6878711
          ]
        ]
      },
      "id": "way/423205290"
    },
    {
      "type": "Feature",
      "properties": {
        "@id": "way/423205291",
        "barrier": "fence"
      },
      "geometry": {
        "type": "LineString",
        "coordinates": [
          [
            37.4221015,
            -2.6879361
          ],
          [
            37.4221086,
            -2.6879208
          ],
          [
            37.4221208,
            -2.6879127
          ]
        ]
      },
      "id": "way/423205291"
    },
    {
      "type": "Feature",
      "properties": {
        "@id": "way/423205292",
        "barrier": "fence"
      },
      "geometry": {
        "type": "LineString",
        "coordinates": [
          [
            37.4220995,
            -2.6879493
          ],
          [
            37.4221055,
            -2.6879696
          ],
          [
            37.4221208,
            -2.6879828
          ],
          [
            37.422135,
            -2.6879899
          ],
          [
            37.4221472,
            -2.6879909
          ],
          [
            37.4221663,
            -2.6879866
          ]
        ]
      },
      "id": "way/423205292"
    },
    {
      "type": "Feature",
      "properties": {
        "@id": "way/423205293",
        "barrier": "fence"
      },
      "geometry": {
        "type": "LineString",
        "coordinates": [
          [
            37.4221797,
            -2.6876914
          ],
          [
            37.4221747,
            -2.6877239
          ],
          [
            37.4221787,
            -2.6877411
          ],
          [
            37.422196,
            -2.6877553
          ],
          [
            37.4222163,
            -2.6877543
          ],
          [
            37.4222265,
            -2.687732
          ],
          [
            37.4222265,
            -2.6877188
          ],
          [
            37.4222224,
            -2.6877005
          ],
          [
            37.4222055,
            -2.6876755
          ]
        ]
      },
      "id": "way/423205293"
    },
    {
      "type": "Feature",
      "properties": {
        "@id": "way/423206058",
        "barrier": "fence"
      },
      "geometry": {
        "type": "LineString",
        "coordinates": [
          [
            37.4219754,
            -2.6870153
          ],
          [
            37.42195,
            -2.6870145
          ],
          [
            37.4219346,
            -2.6870145
          ],
          [
            37.42192,
            -2.687023
          ],
          [
            37.4219115,
            -2.6870353
          ]
        ]
      },
      "id": "way/423206058"
    },
    {
      "type": "Feature",
      "properties": {
        "@id": "way/423206059",
        "barrier": "fence"
      },
      "geometry": {
        "type": "LineString",
        "coordinates": [
          [
            37.4219346,
            -2.6870145
          ],
          [
            37.4219292,
            -2.6869953
          ],
          [
            37.4219231,
            -2.6869738
          ],
          [
            37.4219369,
            -2.6869561
          ],
          [
            37.4219516,
            -2.6869453
          ],
          [
            37.4219778,
            -2.6869407
          ],
          [
            37.4219932,
            -2.686943
          ],
          [
            37.4220055,
            -2.6869507
          ],
          [
            37.4220124,
            -2.6869653
          ],
          [
            37.4220162,
            -2.6869886
          ],
          [
            37.4220109,
            -2.6870022
          ],
          [
            37.4220055,
            -2.6870092
          ]
        ]
      },
      "id": "way/423206059"
    },
    {
      "type": "Feature",
      "properties": {
        "@id": "way/423206060",
        "barrier": "fence"
      },
      "geometry": {
        "type": "LineString",
        "coordinates": [
          [
            37.4219832,
            -2.6870753
          ],
          [
            37.4219685,
            -2.6870607
          ],
          [
            37.4219701,
            -2.6870392
          ],
          [
            37.4219747,
            -2.6870207
          ],
          [
            37.4219754,
            -2.6870153
          ],
          [
            37.4219862,
            -2.6870115
          ],
          [
            37.4220055,
            -2.6870092
          ],
          [
            37.4220247,
            -2.6870176
          ],
          [
            37.4220386,
            -2.6870315
          ],
          [
            37.4220394,
            -2.6870492
          ],
          [
            37.4220286,
            -2.6870661
          ],
          [
            37.4220186,
            -2.6870761
          ],
          [
            37.422007,
            -2.6870799
          ],
          [
            37.4219955,
            -2.6870784
          ],
          [
            37.4219832,
            -2.6870753
          ]
        ]
      },
      "id": "way/423206060"
    },
    {
      "type": "Feature",
      "properties": {
        "@id": "way/423206061",
        "barrier": "fence"
      },
      "geometry": {
        "type": "LineString",
        "coordinates": [
          [
            37.4219832,
            -2.6870753
          ],
          [
            37.4219616,
            -2.6870784
          ],
          [
            37.4219508,
            -2.6870969
          ],
          [
            37.4219493,
            -2.6871176
          ],
          [
            37.4219593,
            -2.687133
          ],
          [
            37.4219762,
            -2.68714
          ],
          [
            37.4219939,
            -2.68714
          ],
          [
            37.4220078,
            -2.6871292
          ],
          [
            37.4220186,
            -2.6871169
          ],
          [
            37.4220194,
            -2.6871046
          ],
          [
            37.4220163,
            -2.687093
          ],
          [
            37.422007,
            -2.6870799
          ]
        ]
      },
      "id": "way/423206061"
    },
    {
      "type": "Feature",
      "properties": {
        "@id": "way/423206062",
        "barrier": "fence"
      },
      "geometry": {
        "type": "LineString",
        "coordinates": [
          [
            37.422319,
            -2.6875008
          ],
          [
            37.4223044,
            -2.6875054
          ],
          [
            37.422292,
            -2.6875162
          ],
          [
            37.4222905,
            -2.6875293
          ],
          [
            37.4222959,
            -2.687537
          ],
          [
            37.4223067,
            -2.6875385
          ],
          [
            37.4223205,
            -2.6875377
          ],
          [
            37.422329,
            -2.6875285
          ],
          [
            37.4223305,
            -2.6875185
          ],
          [
            37.4223313,
            -2.6875062
          ]
        ]
      },
      "id": "way/423206062"
    },
    {
      "type": "Feature",
      "properties": {
        "@id": "way/499106418",
        "barrier": "fence",
        "natural": "tree_row"
      },
      "geometry": {
        "type": "LineString",
        "coordinates": [
          [
            37.2400629,
            -3.1741076
          ],
          [
            37.2425936,
            -3.1753619
          ],
          [
            37.2465542,
            -3.1771634
          ],
          [
            37.2499505,
            -3.1786219
          ]
        ]
      },
      "id": "way/499106418"
    },
    {
      "type": "Feature",
      "properties": {
        "@id": "way/499106419",
        "barrier": "fence"
      },
      "geometry": {
        "type": "LineString",
        "coordinates": [
          [
            37.2385186,
            -3.1733763
          ],
          [
            37.2384069,
            -3.1736356
          ],
          [
            37.2385535,
            -3.1736293
          ],
          [
            37.2390068,
            -3.173636
          ],
          [
            37.2391938,
            -3.1737177
          ]
        ]
      },
      "id": "way/499106419"
    },
    {
      "type": "Feature",
      "properties": {
        "@id": "way/499106420",
        "barrier": "fence"
      },
      "geometry": {
        "type": "LineString",
        "coordinates": [
          [
            37.2392853,
            -3.1737535
          ],
          [
            37.2396987,
            -3.1739271
          ],
          [
            37.2400629,
            -3.1741076
          ]
        ]
      },
      "id": "way/499106420"
    },
    {
      "type": "Feature",
      "properties": {
        "@id": "way/499106436",
        "barrier": "fence",
        "natural": "tree_row"
      },
      "geometry": {
        "type": "LineString",
        "coordinates": [
          [
            37.2298015,
            -3.1694553
          ],
          [
            37.2322985,
            -3.1700298
          ],
          [
            37.2341252,
            -3.1705178
          ],
          [
            37.2347843,
            -3.1710839
          ],
          [
            37.2361082,
            -3.1722859
          ],
          [
            37.2385186,
            -3.1733763
          ]
        ]
      },
      "id": "way/499106436"
    },
    {
      "type": "Feature",
      "properties": {
        "@id": "way/499129122",
        "barrier": "fence"
      },
      "geometry": {
        "type": "LineString",
        "coordinates": [
          [
            37.2386669,
            -3.19023
          ],
          [
            37.2386159,
            -3.1901884
          ],
          [
            37.2386776,
            -3.1899762
          ],
          [
            37.2387037,
            -3.1899026
          ],
          [
            37.2387748,
            -3.1898999
          ]
        ]
      },
      "id": "way/499129122"
    },
    {
      "type": "Feature",
      "properties": {
        "@id": "way/501850994",
        "barrier": "fence"
      },
      "geometry": {
        "type": "LineString",
        "coordinates": [
          [
            37.4517187,
            -2.7185183
          ],
          [
            37.4509754,
            -2.7183663
          ],
          [
            37.4508073,
            -2.7192908
          ],
          [
            37.452069,
            -2.7194605
          ],
          [
            37.4522655,
            -2.7186421
          ],
          [
            37.4517788,
            -2.7185325
          ]
        ]
      },
      "id": "way/501850994"
    },
    {
      "type": "Feature",
      "properties": {
        "@id": "way/502501673",
        "barrier": "fence"
      },
      "geometry": {
        "type": "LineString",
        "coordinates": [
          [
            37.4522586,
            -2.7219818
          ],
          [
            37.4520398,
            -2.722488
          ],
          [
            37.4527747,
            -2.7227465
          ],
          [
            37.4532076,
            -2.7222849
          ],
          [
            37.4522586,
            -2.7219818
          ]
        ]
      },
      "id": "way/502501673"
    },
    {
      "type": "Feature",
      "properties": {
        "@id": "way/502501680",
        "barrier": "fence"
      },
      "geometry": {
        "type": "LineString",
        "coordinates": [
          [
            37.4483266,
            -2.7293209
          ],
          [
            37.4482542,
            -2.7292521
          ],
          [
            37.4484247,
            -2.7290351
          ],
          [
            37.4486605,
            -2.7292427
          ],
          [
            37.4484854,
            -2.7294585
          ],
          [
            37.4483616,
            -2.7293512
          ]
        ]
      },
      "id": "way/502501680"
    },
    {
      "type": "Feature",
      "properties": {
        "@id": "way/502501682",
        "barrier": "fence"
      },
      "geometry": {
        "type": "LineString",
        "coordinates": [
          [
            37.4477487,
            -2.7292987
          ],
          [
            37.4477627,
            -2.7293185
          ],
          [
            37.4477931,
            -2.7293174
          ],
          [
            37.447946,
            -2.7292964
          ],
          [
            37.4480606,
            -2.7292763
          ],
          [
            37.4481104,
            -2.7292621
          ],
          [
            37.4481155,
            -2.7292388
          ],
          [
            37.4480575,
            -2.7290784
          ],
          [
            37.4480149,
            -2.7289779
          ],
          [
            37.4479864,
            -2.728918
          ],
          [
            37.4479712,
            -2.7289078
          ],
          [
            37.4479488,
            -2.7289048
          ],
          [
            37.447902,
            -2.7289098
          ],
          [
            37.4477953,
            -2.7289342
          ],
          [
            37.4477272,
            -2.7289535
          ],
          [
            37.4477028,
            -2.7289647
          ],
          [
            37.4476978,
            -2.7289768
          ],
          [
            37.4476988,
            -2.7289931
          ],
          [
            37.4477435,
            -2.7292489
          ]
        ]
      },
      "id": "way/502501682"
    },
    {
      "type": "Feature",
      "properties": {
        "@id": "way/502501684",
        "barrier": "fence"
      },
      "geometry": {
        "type": "LineString",
        "coordinates": [
          [
            37.4512408,
            -2.7247854
          ],
          [
            37.4512059,
            -2.7247787
          ],
          [
            37.4511804,
            -2.7247653
          ],
          [
            37.4511402,
            -2.7247238
          ],
          [
            37.451116,
            -2.7246876
          ],
          [
            37.4511147,
            -2.7246675
          ],
          [
            37.4511429,
            -2.7246233
          ],
          [
            37.4511898,
            -2.7245898
          ],
          [
            37.4512394,
            -2.7245563
          ],
          [
            37.4512636,
            -2.7245429
          ],
          [
            37.4512797,
            -2.7245483
          ],
          [
            37.451332,
            -2.7246112
          ],
          [
            37.4513708,
            -2.7246608
          ],
          [
            37.4513829,
            -2.7246903
          ],
          [
            37.4514258,
            -2.7247532
          ],
          [
            37.4514755,
            -2.7248175
          ],
          [
            37.4515103,
            -2.7248725
          ],
          [
            37.4515291,
            -2.7249073
          ],
          [
            37.4515063,
            -2.7249368
          ],
          [
            37.4514647,
            -2.7249756
          ],
          [
            37.4514433,
            -2.7249823
          ]
        ]
      },
      "id": "way/502501684"
    },
    {
      "type": "Feature",
      "properties": {
        "@id": "way/502501685",
        "barrier": "fence"
      },
      "geometry": {
        "type": "LineString",
        "coordinates": [
          [
            37.4513829,
            -2.7246903
          ],
          [
            37.4513024,
            -2.7247432
          ],
          [
            37.4512408,
            -2.7247854
          ],
          [
            37.4513078,
            -2.7248678
          ],
          [
            37.4514138,
            -2.7249843
          ]
        ]
      },
      "id": "way/502501685"
    },
    {
      "type": "Feature",
      "properties": {
        "@id": "way/502501728",
        "barrier": "fence"
      },
      "geometry": {
        "type": "LineString",
        "coordinates": [
          [
            37.4560972,
            -2.7128572
          ],
          [
            37.4561685,
            -2.712643
          ],
          [
            37.4561805,
            -2.712614
          ],
          [
            37.4563829,
            -2.7126433
          ],
          [
            37.4563806,
            -2.7129926
          ],
          [
            37.4560671,
            -2.7129387
          ],
          [
            37.4560895,
            -2.7128803
          ]
        ]
      },
      "id": "way/502501728"
    },
    {
      "type": "Feature",
      "properties": {
        "@id": "way/513926935",
        "barrier": "wall"
      },
      "geometry": {
        "type": "LineString",
        "coordinates": [
          [
            38.4902555,
            -3.0974429
          ],
          [
            38.4914876,
            -3.0972378
          ],
          [
            38.4913873,
            -3.0965099
          ]
        ]
      },
      "id": "way/513926935"
    },
    {
      "type": "Feature",
      "properties": {
        "@id": "way/513926936",
        "barrier": "wall"
      },
      "geometry": {
        "type": "LineString",
        "coordinates": [
          [
            38.491375,
            -3.0964116
          ],
          [
            38.4911796,
            -3.0951208
          ],
          [
            38.4893552,
            -3.0954109
          ],
          [
            38.4894984,
            -3.0963508
          ],
          [
            38.4894862,
            -3.0964023
          ],
          [
            38.4895058,
            -3.0965199
          ],
          [
            38.4895163,
            -3.0965828
          ],
          [
            38.4895413,
            -3.0966206
          ],
          [
            38.4896835,
            -3.0975407
          ],
          [
            38.4899288,
            -3.0975045
          ]
        ]
      },
      "id": "way/513926936"
    },
    {
      "type": "Feature",
      "properties": {
        "@id": "way/513933338",
        "barrier": "wall"
      },
      "geometry": {
        "type": "LineString",
        "coordinates": [
          [
            38.4902264,
            -3.0976464
          ],
          [
            38.4900832,
            -3.0976702
          ],
          [
            38.4898636,
            -3.0977114
          ],
          [
            38.4899802,
            -3.0984438
          ],
          [
            38.4910993,
            -3.0982602
          ],
          [
            38.4910948,
            -3.09823
          ],
          [
            38.4909886,
            -3.0975217
          ],
          [
            38.490589,
            -3.0975863
          ],
          [
            38.4905494,
            -3.0975936
          ],
          [
            38.4905235,
            -3.0975979
          ]
        ]
      },
      "id": "way/513933338"
    },
    {
      "type": "Feature",
      "properties": {
        "@id": "way/513933346",
        "barrier": "wall"
      },
      "geometry": {
        "type": "LineString",
        "coordinates": [
          [
            38.4900386,
            -3.0979251
          ],
          [
            38.490049,
            -3.0980101
          ]
        ]
      },
      "id": "way/513933346"
    },
    {
      "type": "Feature",
      "properties": {
        "@id": "way/513933347",
        "barrier": "wall"
      },
      "geometry": {
        "type": "LineString",
        "coordinates": [
          [
            38.4900635,
            -3.0981073
          ],
          [
            38.4900775,
            -3.0982007
          ]
        ]
      },
      "id": "way/513933347"
    },
    {
      "type": "Feature",
      "properties": {
        "@id": "way/513933348",
        "barrier": "wall"
      },
      "geometry": {
        "type": "LineString",
        "coordinates": [
          [
            38.4900919,
            -3.0982979
          ],
          [
            38.4901003,
            -3.098361
          ],
          [
            38.4907688,
            -3.0982519
          ],
          [
            38.4907598,
            -3.0981962
          ]
        ]
      },
      "id": "way/513933348"
    },
    {
      "type": "Feature",
      "properties": {
        "@id": "way/513933349",
        "barrier": "wall"
      },
      "geometry": {
        "type": "LineString",
        "coordinates": [
          [
            38.4901859,
            -3.0978039
          ],
          [
            38.490299,
            -3.0977866
          ],
          [
            38.4904169,
            -3.0977694
          ],
          [
            38.4904582,
            -3.0977632
          ],
          [
            38.4905654,
            -3.0977488
          ],
          [
            38.4906936,
            -3.097731
          ]
        ]
      },
      "id": "way/513933349"
    },
    {
      "type": "Feature",
      "properties": {
        "@id": "way/513933350",
        "barrier": "wall"
      },
      "geometry": {
        "type": "LineString",
        "coordinates": [
          [
            38.4908698,
            -3.0978042
          ],
          [
            38.4909424,
            -3.0977943
          ],
          [
            38.4909826,
            -3.0980685
          ],
          [
            38.4909089,
            -3.0980764
          ]
        ]
      },
      "id": "way/513933350"
    },
    {
      "type": "Feature",
      "properties": {
        "@id": "way/513933351",
        "barrier": "wall"
      },
      "geometry": {
        "type": "LineString",
        "coordinates": [
          [
            38.490708,
            -3.0978282
          ],
          [
            38.4907192,
            -3.097912
          ]
        ]
      },
      "id": "way/513933351"
    },
    {
      "type": "Feature",
      "properties": {
        "@id": "way/513933352",
        "barrier": "wall"
      },
      "geometry": {
        "type": "LineString",
        "coordinates": [
          [
            38.4907336,
            -3.0980092
          ],
          [
            38.4907473,
            -3.0981002
          ]
        ]
      },
      "id": "way/513933352"
    },
    {
      "type": "Feature",
      "properties": {
        "@id": "way/513933405",
        "barrier": "wall"
      },
      "geometry": {
        "type": "LineString",
        "coordinates": [
          [
            38.4909886,
            -3.0975217
          ],
          [
            38.4914697,
            -3.0974365
          ],
          [
            38.4915896,
            -3.0981358
          ],
          [
            38.4915606,
            -3.0981413
          ],
          [
            38.4914876,
            -3.098155
          ],
          [
            38.4910948,
            -3.09823
          ]
        ]
      },
      "id": "way/513933405"
    },
    {
      "type": "Feature",
      "properties": {
        "@id": "way/747460988",
        "barrier": "fence"
      },
      "geometry": {
        "type": "LineString",
        "coordinates": [
          [
            37.429785,
            -2.7596137
          ],
          [
            37.4298175,
            -2.7596177
          ],
          [
            37.4298521,
            -2.7596076
          ],
          [
            37.4298805,
            -2.7595934
          ],
          [
            37.4298907,
            -2.7595649
          ],
          [
            37.4299008,
            -2.7595324
          ],
          [
            37.4299069,
            -2.7594939
          ],
          [
            37.4299069,
            -2.7594573
          ],
          [
            37.4299029,
            -2.7594167
          ],
          [
            37.4298988,
            -2.7593863
          ],
          [
            37.4298968,
            -2.7593659
          ],
          [
            37.429909,
            -2.7593456
          ],
          [
            37.4299374,
            -2.7593233
          ],
          [
            37.4299659,
            -2.7592989
          ],
          [
            37.4299923,
            -2.7592624
          ],
          [
            37.4299882,
            -2.7592238
          ],
          [
            37.4299679,
            -2.7591995
          ],
          [
            37.4299252,
            -2.7591406
          ],
          [
            37.429848,
            -2.7590411
          ],
          [
            37.4298012,
            -2.7589761
          ],
          [
            37.4297423,
            -2.7589091
          ],
          [
            37.4296915,
            -2.7588665
          ],
          [
            37.4296467,
            -2.7588502
          ],
          [
            37.4295898,
            -2.7588482
          ],
          [
            37.4295349,
            -2.7588523
          ],
          [
            37.4294638,
            -2.7588644
          ],
          [
            37.4294089,
            -2.7588827
          ],
          [
            37.4293581,
            -2.7589051
          ],
          [
            37.4293154,
            -2.7589416
          ],
          [
            37.4292809,
            -2.7589944
          ],
          [
            37.4292626,
            -2.7590472
          ],
          [
            37.4292544,
            -2.7590918
          ],
          [
            37.4292402,
            -2.7591995
          ],
          [
            37.42923,
            -2.7593111
          ],
          [
            37.4292382,
            -2.759435
          ],
          [
            37.4292565,
            -2.7595467
          ],
          [
            37.429289,
            -2.7596441
          ],
          [
            37.4293378,
            -2.7596949
          ],
          [
            37.4294231,
            -2.7597375
          ],
          [
            37.4295309,
            -2.7597598
          ],
          [
            37.4296122,
            -2.7597619
          ],
          [
            37.4296752,
            -2.7597416
          ],
          [
            37.4297301,
            -2.7596969
          ],
          [
            37.4297463,
            -2.7596624
          ],
          [
            37.4297565,
            -2.7596299
          ]
        ]
      },
      "id": "way/747460988"
    },
    {
      "type": "Feature",
      "properties": {
        "@id": "way/747461002",
        "barrier": "fence"
      },
      "geometry": {
        "type": "LineString",
        "coordinates": [
          [
            37.4316445,
            -2.7593829
          ],
          [
            37.4316553,
            -2.759403
          ],
          [
            37.4316499,
            -2.7594231
          ],
          [
            37.4316325,
            -2.7594338
          ],
          [
            37.431603,
            -2.7594459
          ],
          [
            37.4315802,
            -2.7594606
          ],
          [
            37.4315587,
            -2.7594767
          ],
          [
            37.4315547,
            -2.7594941
          ],
          [
            37.431552,
            -2.7595209
          ],
          [
            37.4315413,
            -2.7595383
          ],
          [
            37.4315158,
            -2.7595504
          ],
          [
            37.4314782,
            -2.759549
          ],
          [
            37.4314367,
            -2.7595329
          ],
          [
            37.4314045,
            -2.7595061
          ],
          [
            37.4313844,
            -2.759482
          ],
          [
            37.4313629,
            -2.7594552
          ],
          [
            37.4313522,
            -2.7594365
          ],
          [
            37.4313374,
            -2.7594258
          ],
          [
            37.4313213,
            -2.7594204
          ],
          [
            37.4313052,
            -2.7594204
          ],
          [
            37.4312932,
            -2.7594191
          ],
          [
            37.4312838,
            -2.7594097
          ],
          [
            37.4312784,
            -2.759395
          ],
          [
            37.4312596,
            -2.7593749
          ],
          [
            37.4312315,
            -2.7593387
          ],
          [
            37.4312141,
            -2.7593052
          ],
          [
            37.43121,
            -2.7592838
          ],
          [
            37.4312073,
            -2.7592583
          ],
          [
            37.4312127,
            -2.7592329
          ],
          [
            37.4312248,
            -2.7591833
          ]
        ]
      },
      "id": "way/747461002"
    },
    {
      "type": "Feature",
      "properties": {
        "@id": "way/747461003",
        "barrier": "fence"
      },
      "geometry": {
        "type": "LineString",
        "coordinates": [
          [
            37.4312315,
            -2.7591498
          ],
          [
            37.4312529,
            -2.7591137
          ],
          [
            37.4312892,
            -2.7590788
          ],
          [
            37.4313227,
            -2.7590453
          ],
          [
            37.4313575,
            -2.7590239
          ],
          [
            37.4313763,
            -2.7590132
          ],
          [
            37.4314072,
            -2.7590092
          ]
        ]
      },
      "id": "way/747461003"
    },
    {
      "type": "Feature",
      "properties": {
        "@id": "way/747461004",
        "barrier": "fence"
      },
      "geometry": {
        "type": "LineString",
        "coordinates": [
          [
            37.4314394,
            -2.7589998
          ],
          [
            37.4314769,
            -2.7589784
          ],
          [
            37.4315198,
            -2.758969
          ],
          [
            37.4315802,
            -2.758969
          ],
          [
            37.4316231,
            -2.7589837
          ],
          [
            37.431662,
            -2.7590199
          ],
          [
            37.4317116,
            -2.7590721
          ],
          [
            37.4317357,
            -2.7591311
          ],
          [
            37.4317559,
            -2.7592007
          ],
          [
            37.4317612,
            -2.759249
          ],
          [
            37.4317545,
            -2.7592918
          ],
          [
            37.4317371,
            -2.7593266
          ],
          [
            37.431725,
            -2.7593561
          ],
          [
            37.431717,
            -2.7593762
          ],
          [
            37.4316861,
            -2.7593883
          ]
        ]
      },
      "id": "way/747461004"
    },
    {
      "type": "Feature",
      "properties": {
        "@id": "way/747461015",
        "barrier": "fence"
      },
      "geometry": {
        "type": "LineString",
        "coordinates": [
          [
            37.4302848,
            -2.7560366
          ],
          [
            37.4302523,
            -2.7560183
          ],
          [
            37.4301974,
            -2.7560244
          ],
          [
            37.4301567,
            -2.7560346
          ],
          [
            37.4301384,
            -2.7560589
          ],
          [
            37.430112,
            -2.7561077
          ],
          [
            37.4300795,
            -2.7561381
          ],
          [
            37.4300266,
            -2.7561605
          ],
          [
            37.429986,
            -2.7562011
          ],
          [
            37.4299657,
            -2.7562721
          ],
          [
            37.4299616,
            -2.7564021
          ],
          [
            37.4299738,
            -2.7564853
          ],
          [
            37.4299941,
            -2.7565848
          ],
          [
            37.4300287,
            -2.7566721
          ],
          [
            37.4300612,
            -2.7567371
          ],
          [
            37.4301079,
            -2.7567777
          ],
          [
            37.4301547,
            -2.7568102
          ],
          [
            37.4301852,
            -2.7568203
          ],
          [
            37.4302076,
            -2.7568183
          ],
          [
            37.430236,
            -2.7568021
          ]
        ]
      },
      "id": "way/747461015"
    },
    {
      "type": "Feature",
      "properties": {
        "@id": "way/747461016",
        "barrier": "fence"
      },
      "geometry": {
        "type": "LineString",
        "coordinates": [
          [
            37.4303072,
            -2.7560549
          ],
          [
            37.4303559,
            -2.7560325
          ],
          [
            37.4304088,
            -2.7560305
          ],
          [
            37.4304759,
            -2.7560589
          ],
          [
            37.4305125,
            -2.7560935
          ],
          [
            37.4305206,
            -2.75613
          ]
        ]
      },
      "id": "way/747461016"
    },
    {
      "type": "Feature",
      "properties": {
        "@id": "way/747461017",
        "barrier": "fence"
      },
      "geometry": {
        "type": "LineString",
        "coordinates": [
          [
            37.4305409,
            -2.7561544
          ],
          [
            37.4305694,
            -2.7561666
          ],
          [
            37.4306019,
            -2.756193
          ],
          [
            37.4306222,
            -2.7562234
          ],
          [
            37.4306365,
            -2.7562559
          ],
          [
            37.4306222,
            -2.7562965
          ]
        ]
      },
      "id": "way/747461017"
    },
    {
      "type": "Feature",
      "properties": {
        "@id": "way/747461018",
        "barrier": "fence"
      },
      "geometry": {
        "type": "LineString",
        "coordinates": [
          [
            37.4306385,
            -2.7563209
          ],
          [
            37.430669,
            -2.756329
          ],
          [
            37.4306974,
            -2.7563574
          ],
          [
            37.4307218,
            -2.7564143
          ],
          [
            37.4307381,
            -2.7564813
          ],
          [
            37.430732,
            -2.7565422
          ],
          [
            37.4307076,
            -2.756597
          ],
          [
            37.4306649,
            -2.7566538
          ],
          [
            37.4306283,
            -2.7566904
          ],
          [
            37.4305917,
            -2.7567269
          ],
          [
            37.4305551,
            -2.7567554
          ],
          [
            37.430482,
            -2.7567696
          ]
        ]
      },
      "id": "way/747461018"
    },
    {
      "type": "Feature",
      "properties": {
        "@id": "way/747461019",
        "barrier": "fence"
      },
      "geometry": {
        "type": "LineString",
        "coordinates": [
          [
            37.4302604,
            -2.7568082
          ],
          [
            37.4303031,
            -2.7568163
          ],
          [
            37.4303478,
            -2.7568061
          ],
          [
            37.4303742,
            -2.7567939
          ],
          [
            37.4303946,
            -2.7567838
          ],
          [
            37.430419,
            -2.7567797
          ],
          [
            37.4304515,
            -2.7567777
          ]
        ]
      },
      "id": "way/747461019"
    },
    {
      "type": "Feature",
      "properties": {
        "@id": "way/758761252",
        "barrier": "wall"
      },
      "geometry": {
        "type": "LineString",
        "coordinates": [
          [
            38.0678808,
            -2.1993827
          ],
          [
            38.0678321,
            -2.1993655
          ],
          [
            38.0677553,
            -2.199528
          ],
          [
            38.067722,
            -2.1997916
          ],
          [
            38.0677271,
            -2.1997992
          ]
        ]
      },
      "id": "way/758761252"
    },
    {
      "type": "Feature",
      "properties": {
        "@id": "way/758761253",
        "barrier": "wall"
      },
      "geometry": {
        "type": "LineString",
        "coordinates": [
          [
            38.0677809,
            -2.1997986
          ],
          [
            38.068176,
            -2.1997954
          ],
          [
            38.0681913,
            -2.1998127
          ],
          [
            38.0681952,
            -2.1998376
          ],
          [
            38.0682122,
            -2.1998475
          ],
          [
            38.0682349,
            -2.1998607
          ],
          [
            38.0683168,
            -2.1998677
          ],
          [
            38.068459,
            -2.1997109
          ],
          [
            38.0684635,
            -2.1996003
          ],
          [
            38.0679288,
            -2.1994294
          ]
        ]
      },
      "id": "way/758761253"
    },
    {
      "type": "Feature",
      "properties": {
        "@id": "way/848974039",
        "barrier": "wall"
      },
      "geometry": {
        "type": "LineString",
        "coordinates": [
          [
            37.6326647,
            -2.3616124
          ],
          [
            37.6327097,
            -2.3616249
          ],
          [
            37.6327404,
            -2.3616633
          ],
          [
            37.632775,
            -2.3617017
          ],
          [
            37.6327615,
            -2.3617343
          ],
          [
            37.6327922,
            -2.3617823
          ],
          [
            37.632775,
            -2.3618456
          ],
          [
            37.6327065,
            -2.3618784
          ]
        ]
      },
      "id": "way/848974039"
    },
    {
      "type": "Feature",
      "properties": {
        "@id": "way/848974040",
        "barrier": "wall"
      },
      "geometry": {
        "type": "LineString",
        "coordinates": [
          [
            37.6326647,
            -2.3616124
          ],
          [
            37.6326943,
            -2.361554
          ],
          [
            37.6327596,
            -2.361506
          ],
          [
            37.6328268,
            -2.3614772
          ],
          [
            37.6329055,
            -2.3615194
          ],
          [
            37.6329862,
            -2.3615885
          ],
          [
            37.632821,
            -2.3616883
          ],
          [
            37.632775,
            -2.3617017
          ]
        ]
      },
      "id": "way/848974040"
    },
    {
      "type": "Feature",
      "properties": {
        "@id": "way/848974041",
        "barrier": "wall"
      },
      "geometry": {
        "type": "LineString",
        "coordinates": [
          [
            37.6327615,
            -2.3617343
          ],
          [
            37.6327231,
            -2.361742
          ],
          [
            37.6326943,
            -2.3617075
          ],
          [
            37.6327404,
            -2.3616633
          ]
        ]
      },
      "id": "way/848974041"
    },
    {
      "type": "Feature",
      "properties": {
        "@id": "way/848974045",
        "barrier": "wall"
      },
      "geometry": {
        "type": "LineString",
        "coordinates": [
          [
            37.6340731,
            -2.3598414
          ],
          [
            37.6340639,
            -2.3598969
          ]
        ]
      },
      "id": "way/848974045"
    },
    {
      "type": "Feature",
      "properties": {
        "@id": "way/848974046",
        "barrier": "wall"
      },
      "geometry": {
        "type": "LineString",
        "coordinates": [
          [
            37.6340692,
            -2.3599485
          ],
          [
            37.634097,
            -2.3599709
          ],
          [
            37.6341525,
            -2.3599828
          ],
          [
            37.6341327,
            -2.3600714
          ]
        ]
      },
      "id": "way/848974046"
    },
    {
      "type": "Feature",
      "properties": {
        "@id": "way/848974047",
        "barrier": "wall"
      },
      "geometry": {
        "type": "LineString",
        "coordinates": [
          [
            37.634097,
            -2.3599709
          ],
          [
            37.6340745,
            -2.3600132
          ],
          [
            37.634044,
            -2.3600198
          ],
          [
            37.6340401,
            -2.3600529
          ],
          [
            37.6340798,
            -2.3600912
          ]
        ]
      },
      "id": "way/848974047"
    },
    {
      "type": "Feature",
      "properties": {
        "@id": "way/848974048",
        "barrier": "wall"
      },
      "geometry": {
        "type": "LineString",
        "coordinates": [
          [
            37.6340745,
            -2.3600132
          ],
          [
            37.6340996,
            -2.3600449
          ],
          [
            37.6341062,
            -2.3600727
          ]
        ]
      },
      "id": "way/848974048"
    },
    {
      "type": "Feature",
      "properties": {
        "@id": "way/848974049",
        "barrier": "wall"
      },
      "geometry": {
        "type": "LineString",
        "coordinates": [
          [
            37.6340996,
            -2.3598163
          ],
          [
            37.6341318,
            -2.3597605
          ],
          [
            37.6341858,
            -2.3597246
          ],
          [
            37.6342235,
            -2.3597166
          ],
          [
            37.6342352,
            -2.3597141
          ],
          [
            37.6342681,
            -2.3597425
          ],
          [
            37.6342906,
            -2.3598742
          ],
          [
            37.6343326,
            -2.35997
          ],
          [
            37.6342966,
            -2.3601137
          ],
          [
            37.6342041,
            -2.3600079
          ]
        ]
      },
      "id": "way/848974049"
    },
    {
      "type": "Feature",
      "properties": {
        "@id": "way/848974050",
        "barrier": "wall"
      },
      "geometry": {
        "type": "LineString",
        "coordinates": [
          [
            37.6342966,
            -2.3601137
          ],
          [
            37.6342644,
            -2.3601889
          ],
          [
            37.6342035,
            -2.3601954
          ],
          [
            37.6340491,
            -2.3602758
          ],
          [
            37.6338926,
            -2.3604648
          ],
          [
            37.6337686,
            -2.3607125
          ],
          [
            37.6336033,
            -2.3611753
          ],
          [
            37.6336229,
            -2.3612209
          ],
          [
            37.6338012,
            -2.361536
          ],
          [
            37.6341731,
            -2.3616511
          ],
          [
            37.6347276,
            -2.3616555
          ],
          [
            37.6353234,
            -2.361649
          ],
          [
            37.6357627,
            -2.3616794
          ],
          [
            37.6361063,
            -2.3617685
          ],
          [
            37.636589,
            -2.3619032
          ],
          [
            37.636713,
            -2.3618945
          ],
          [
            37.6368239,
            -2.3619553
          ],
          [
            37.6370914,
            -2.3619358
          ],
          [
            37.6373327,
            -2.3619531
          ],
          [
            37.6377524,
            -2.3619727
          ],
          [
            37.6377807,
            -2.3619445
          ],
          [
            37.6381243,
            -2.3618945
          ],
          [
            37.6383961,
            -2.3617728
          ],
          [
            37.6386745,
            -2.3615642
          ],
          [
            37.6386962,
            -2.3613687
          ],
          [
            37.6386288,
            -2.3609537
          ],
          [
            37.6384831,
            -2.3607733
          ],
          [
            37.63837,
            -2.3606191
          ],
          [
            37.6379307,
            -2.3601911
          ],
          [
            37.6377966,
            -2.3600727
          ],
          [
            37.6375959,
            -2.3598956
          ],
          [
            37.6372784,
            -2.3597261
          ],
          [
            37.63685,
            -2.3595262
          ],
          [
            37.6365782,
            -2.3594523
          ],
          [
            37.6360193,
            -2.3594154
          ],
          [
            37.6355191,
            -2.3594914
          ],
          [
            37.6350799,
            -2.3594914
          ],
          [
            37.6346711,
            -2.3594436
          ],
          [
            37.6344645,
            -2.3595327
          ],
          [
            37.6344014,
            -2.3596261
          ],
          [
            37.6342235,
            -2.3597166
          ]
        ]
      },
      "id": "way/848974050"
    },
    {
      "type": "Feature",
      "properties": {
        "@id": "way/848974051",
        "barrier": "wall"
      },
      "geometry": {
        "type": "LineString",
        "coordinates": [
          [
            37.6377966,
            -2.3600727
          ],
          [
            37.6377751,
            -2.3598963
          ],
          [
            37.6375528,
            -2.359605
          ],
          [
            37.6373331,
            -2.3592475
          ],
          [
            37.6370818,
            -2.3589443
          ],
          [
            37.6369028,
            -2.3588674
          ],
          [
            37.636622,
            -2.3585121
          ],
          [
            37.6361261,
            -2.3582134
          ],
          [
            37.6357411,
            -2.3578808
          ],
          [
            37.6355826,
            -2.3578129
          ],
          [
            37.6353651,
            -2.3578695
          ],
          [
            37.6350821,
            -2.3580731
          ],
          [
            37.6347854,
            -2.3583447
          ],
          [
            37.6346042,
            -2.3586501
          ]
        ]
      },
      "id": "way/848974051"
    },
    {
      "type": "Feature",
      "properties": {
        "@id": "way/849011863",
        "barrier": "wall"
      },
      "geometry": {
        "type": "LineString",
        "coordinates": [
          [
            37.6957207,
            -2.3073914
          ],
          [
            37.695754,
            -2.3073281
          ],
          [
            37.6957656,
            -2.3073061
          ],
          [
            37.6957252,
            -2.3072208
          ],
          [
            37.6956488,
            -2.3071939
          ],
          [
            37.6955918,
            -2.3072582
          ],
          [
            37.6955859,
            -2.3073166
          ],
          [
            37.6956368,
            -2.3073615
          ]
        ]
      },
      "id": "way/849011863"
    },
    {
      "type": "Feature",
      "properties": {
        "@id": "way/849011864",
        "barrier": "wall"
      },
      "geometry": {
        "type": "LineString",
        "coordinates": [
          [
            37.695754,
            -2.3073281
          ],
          [
            37.6957102,
            -2.3072986
          ],
          [
            37.6956727,
            -2.307348
          ]
        ]
      },
      "id": "way/849011864"
    },
    {
      "type": "Feature",
      "properties": {
        "@id": "way/849363133",
        "barrier": "wall"
      },
      "geometry": {
        "type": "LineString",
        "coordinates": [
          [
            37.6347815,
            -2.3331456
          ],
          [
            37.6347868,
            -2.3331108
          ],
          [
            37.6347546,
            -2.3330893
          ],
          [
            37.6346769,
            -2.333092
          ],
          [
            37.6345776,
            -2.3331349
          ],
          [
            37.6345267,
            -2.3331744
          ],
          [
            37.6344945,
            -2.3331369
          ],
          [
            37.6342048,
            -2.3333138
          ],
          [
            37.6339795,
            -2.3335389
          ],
          [
            37.6337435,
            -2.3338391
          ],
          [
            37.6337059,
            -2.3339463
          ],
          [
            37.6337274,
            -2.3339999
          ],
          [
            37.6337918,
            -2.334032
          ],
          [
            37.6339044,
            -2.334225
          ],
          [
            37.6340653,
            -2.3344287
          ],
          [
            37.6342102,
            -2.3345251
          ],
          [
            37.6342263,
            -2.3345841
          ],
          [
            37.6342987,
            -2.3346142
          ],
          [
            37.6343335,
            -2.3346786
          ],
          [
            37.6343416,
            -2.3347482
          ],
          [
            37.6343121,
            -2.3348447
          ],
          [
            37.6343818,
            -2.3350189
          ],
          [
            37.6346044,
            -2.3353459
          ],
          [
            37.6350255,
            -2.3350966
          ],
          [
            37.6356532,
            -2.3347777
          ],
          [
            37.6356532,
            -2.3347429
          ]
        ]
      },
      "id": "way/849363133"
    },
    {
      "type": "Feature",
      "properties": {
        "@id": "way/849363134",
        "barrier": "wall"
      },
      "geometry": {
        "type": "LineString",
        "coordinates": [
          [
            37.6356451,
            -2.3346705
          ],
          [
            37.6355915,
            -2.3345714
          ],
          [
            37.6355432,
            -2.334357
          ],
          [
            37.6354359,
            -2.334164
          ],
          [
            37.6353742,
            -2.3337727
          ],
          [
            37.6352964,
            -2.3335074
          ],
          [
            37.6351918,
            -2.3334243
          ],
          [
            37.6350363,
            -2.3333627
          ]
        ]
      },
      "id": "way/849363134"
    },
    {
      "type": "Feature",
      "properties": {
        "@id": "way/850478962",
        "barrier": "wall"
      },
      "geometry": {
        "type": "LineString",
        "coordinates": [
          [
            37.6765787,
            -2.2747663
          ],
          [
            37.6765293,
            -2.2748023
          ],
          [
            37.6764918,
            -2.2748427
          ],
          [
            37.6765068,
            -2.274907
          ],
          [
            37.6765428,
            -2.2749429
          ],
          [
            37.6766102,
            -2.2749549
          ],
          [
            37.6766656,
            -2.2749235
          ],
          [
            37.6766851,
            -2.2748531
          ],
          [
            37.6766716,
            -2.2747858
          ],
          [
            37.6766087,
            -2.2747559
          ]
        ]
      },
      "id": "way/850478962"
    },
    {
      "type": "Feature",
      "properties": {
        "@id": "way/850495398",
        "barrier": "wall"
      },
      "geometry": {
        "type": "LineString",
        "coordinates": [
          [
            37.6942276,
            -2.2283498
          ],
          [
            37.6942066,
            -2.2282883
          ],
          [
            37.694134,
            -2.2282846
          ],
          [
            37.6940737,
            -2.2284076
          ],
          [
            37.6941057,
            -2.2284618
          ],
          [
            37.6941365,
            -2.2284347
          ],
          [
            37.6941919,
            -2.2284581
          ],
          [
            37.6942386,
            -2.2283806
          ]
        ]
      },
      "id": "way/850495398"
    },
    {
      "type": "Feature",
      "properties": {
        "@id": "way/850495400",
        "barrier": "wall"
      },
      "geometry": {
        "type": "LineString",
        "coordinates": [
          [
            37.6940986,
            -2.2287539
          ],
          [
            37.6940224,
            -2.2286876
          ],
          [
            37.6939344,
            -2.2287267
          ],
          [
            37.6939148,
            -2.2288245
          ],
          [
            37.6940072,
            -2.2289179
          ],
          [
            37.6940909,
            -2.2289016
          ],
          [
            37.6941366,
            -2.2288462
          ]
        ]
      },
      "id": "way/850495400"
    },
    {
      "type": "Feature",
      "properties": {
        "@id": "way/850495403",
        "barrier": "wall"
      },
      "geometry": {
        "type": "LineString",
        "coordinates": [
          [
            37.6938974,
            -2.2282289
          ],
          [
            37.6939602,
            -2.2282066
          ],
          [
            37.6939865,
            -2.228235
          ],
          [
            37.6939865,
            -2.2283017
          ],
          [
            37.6939258,
            -2.2283664
          ],
          [
            37.6938549,
            -2.2283846
          ],
          [
            37.6938165,
            -2.228332
          ],
          [
            37.6938063,
            -2.2282653
          ],
          [
            37.6938691,
            -2.2282592
          ]
        ]
      },
      "id": "way/850495403"
    },
    {
      "type": "Feature",
      "properties": {
        "@id": "way/850495407",
        "barrier": "wall"
      },
      "geometry": {
        "type": "LineString",
        "coordinates": [
          [
            37.6812853,
            -2.2301671
          ],
          [
            37.6812501,
            -2.2301524
          ],
          [
            37.681109,
            -2.2300496
          ],
          [
            37.6810503,
            -2.230079
          ],
          [
            37.6810414,
            -2.230123
          ],
          [
            37.6809856,
            -2.230126
          ],
          [
            37.6810121,
            -2.2302463
          ],
          [
            37.6809445,
            -2.2303755
          ],
          [
            37.6810444,
            -2.2304695
          ],
          [
            37.6811472,
            -2.2304783
          ],
          [
            37.681203,
            -2.2304577
          ],
          [
            37.6812648,
            -2.2303609
          ],
          [
            37.681253,
            -2.2302111
          ]
        ]
      },
      "id": "way/850495407"
    },
    {
      "type": "Feature",
      "properties": {
        "@id": "way/850674059",
        "barrier": "wall"
      },
      "geometry": {
        "type": "LineString",
        "coordinates": [
          [
            37.943237,
            -2.6972281
          ],
          [
            37.9432291,
            -2.6973061
          ],
          [
            37.9432807,
            -2.6973259
          ],
          [
            37.9432569,
            -2.6973563
          ],
          [
            37.9432727,
            -2.6973973
          ],
          [
            37.9433164,
            -2.6974633
          ],
          [
            37.943409,
            -2.6974726
          ],
          [
            37.9434844,
            -2.6974184
          ],
          [
            37.943536,
            -2.6972968
          ],
          [
            37.9435479,
            -2.6972255
          ],
          [
            37.9435069,
            -2.6970828
          ],
          [
            37.9434513,
            -2.6970273
          ],
          [
            37.943364,
            -2.6970352
          ],
          [
            37.9432582,
            -2.697092
          ],
          [
            37.9432079,
            -2.6971713
          ],
          [
            37.9432013,
            -2.6972149
          ]
        ]
      },
      "id": "way/850674059"
    },
    {
      "type": "Feature",
      "properties": {
        "@id": "way/850674060",
        "barrier": "wall"
      },
      "geometry": {
        "type": "LineString",
        "coordinates": [
          [
            37.9432807,
            -2.6973259
          ],
          [
            37.9433336,
            -2.6973048
          ],
          [
            37.9433468,
            -2.6972598
          ],
          [
            37.9433283,
            -2.6972255
          ]
        ]
      },
      "id": "way/850674060"
    },
    {
      "type": "Feature",
      "properties": {
        "@id": "way/850674061",
        "barrier": "wall"
      },
      "geometry": {
        "type": "LineString",
        "coordinates": [
          [
            37.9433098,
            -2.6972149
          ],
          [
            37.9432648,
            -2.6972096
          ],
          [
            37.943237,
            -2.6972281
          ]
        ]
      },
      "id": "way/850674061"
    },
    {
      "type": "Feature",
      "properties": {
        "@id": "way/850674933",
        "barrier": "wall"
      },
      "geometry": {
        "type": "LineString",
        "coordinates": [
          [
            37.8086779,
            -2.5068158
          ],
          [
            37.8087189,
            -2.5068052
          ],
          [
            37.8087441,
            -2.5067207
          ],
          [
            37.8087414,
            -2.5066572
          ],
          [
            37.8086607,
            -2.5065687
          ],
          [
            37.8085615,
            -2.50657
          ],
          [
            37.8084861,
            -2.5065713
          ],
          [
            37.8084517,
            -2.5066427
          ],
          [
            37.8084226,
            -2.5066638
          ],
          [
            37.8084411,
            -2.5066982
          ],
          [
            37.8085139,
            -2.506759
          ]
        ]
      },
      "id": "way/850674933"
    },
    {
      "type": "Feature",
      "properties": {
        "@id": "way/850674934",
        "barrier": "wall"
      },
      "geometry": {
        "type": "LineString",
        "coordinates": [
          [
            37.8085351,
            -2.5067669
          ],
          [
            37.8085285,
            -2.506792
          ],
          [
            37.8085867,
            -2.5068237
          ],
          [
            37.8086277,
            -2.5068264
          ],
          [
            37.8086581,
            -2.506792
          ],
          [
            37.8086343,
            -2.506755
          ],
          [
            37.80858,
            -2.5067458
          ],
          [
            37.8085615,
            -2.5067643
          ]
        ]
      },
      "id": "way/850674934"
    },
    {
      "type": "Feature",
      "properties": {
        "@id": "way/850675229",
        "barrier": "wall"
      },
      "geometry": {
        "type": "LineString",
        "coordinates": [
          [
            37.7809037,
            -2.4753207
          ],
          [
            37.7809412,
            -2.4753491
          ],
          [
            37.7809442,
            -2.4753851
          ],
          [
            37.7808543,
            -2.4754614
          ],
          [
            37.7807614,
            -2.4754389
          ],
          [
            37.7807629,
            -2.4753432
          ],
          [
            37.7807749,
            -2.4752848
          ],
          [
            37.7807375,
            -2.4752339
          ],
          [
            37.780676,
            -2.475213
          ],
          [
            37.780682,
            -2.4751666
          ],
          [
            37.7806715,
            -2.4751277
          ]
        ]
      },
      "id": "way/850675229"
    },
    {
      "type": "Feature",
      "properties": {
        "@id": "way/850675230",
        "barrier": "wall"
      },
      "geometry": {
        "type": "LineString",
        "coordinates": [
          [
            37.780691,
            -2.4751037
          ],
          [
            37.7807045,
            -2.4750813
          ],
          [
            37.7808483,
            -2.4750648
          ],
          [
            37.7809202,
            -2.4751112
          ],
          [
            37.7809337,
            -2.4751845
          ],
          [
            37.7808857,
            -2.4752818
          ]
        ]
      },
      "id": "way/850675230"
    },
    {
      "type": "Feature",
      "properties": {
        "@id": "way/850675231",
        "barrier": "wall"
      },
      "geometry": {
        "type": "LineString",
        "coordinates": [
          [
            37.7807375,
            -2.4752339
          ],
          [
            37.7807854,
            -2.4751995
          ]
        ]
      },
      "id": "way/850675231"
    },
    {
      "type": "Feature",
      "properties": {
        "@id": "way/850675232",
        "barrier": "wall"
      },
      "geometry": {
        "type": "LineString",
        "coordinates": [
          [
            37.7808049,
            -2.4752025
          ],
          [
            37.7808513,
            -2.4752608
          ],
          [
            37.7808318,
            -2.4752848
          ],
          [
            37.7807749,
            -2.4752848
          ]
        ]
      },
      "id": "way/850675232"
    },
    {
      "type": "Feature",
      "properties": {
        "@id": "way/886654229",
        "barrier": "wall"
      },
      "geometry": {
        "type": "LineString",
        "coordinates": [
          [
            37.8533104,
            -3.1753238
          ],
          [
            37.8532568,
            -3.1753131
          ],
          [
            37.8531763,
            -3.1753466
          ],
          [
            37.8530878,
            -3.1754176
          ],
          [
            37.8530703,
            -3.1754417
          ],
          [
            37.853065,
            -3.1754711
          ],
          [
            37.8530972,
            -3.1755488
          ],
          [
            37.8531428,
            -3.1756171
          ],
          [
            37.8533989,
            -3.1757711
          ],
          [
            37.8534244,
            -3.1757764
          ],
          [
            37.8535008,
            -3.175747
          ],
          [
            37.8535116,
            -3.1757215
          ],
          [
            37.8535143,
            -3.1755809
          ],
          [
            37.8535344,
            -3.1755247
          ],
          [
            37.8535397,
            -3.1754711
          ],
          [
            37.8535156,
            -3.1753881
          ],
          [
            37.8534888,
            -3.1753399
          ],
          [
            37.8534432,
            -3.1753091
          ],
          [
            37.8534164,
            -3.1753024
          ],
          [
            37.8533909,
            -3.1753118
          ]
        ]
      },
      "id": "way/886654229"
    },
    {
      "type": "Feature",
      "properties": {
        "@id": "way/903819491",
        "barrier": "fence"
      },
      "geometry": {
        "type": "LineString",
        "coordinates": [
          [
            36.7848015,
            -2.5506353
          ],
          [
            36.7850764,
            -2.5502039
          ],
          [
            36.7851498,
            -2.550088
          ],
          [
            36.7852769,
            -2.5498746
          ],
          [
            36.7854157,
            -2.5496432
          ],
          [
            36.7854512,
            -2.5495859
          ],
          [
            36.785574,
            -2.5493863
          ],
          [
            36.7856085,
            -2.549332
          ],
          [
            36.7857587,
            -2.5490855
          ],
          [
            36.7858915,
            -2.5488721
          ],
          [
            36.7859501,
            -2.548778
          ],
          [
            36.786038,
            -2.5486377
          ],
          [
            36.7860678,
            -2.5485881
          ],
          [
            36.7861235,
            -2.5484977
          ],
          [
            36.7862103,
            -2.548366
          ],
          [
            36.7862757,
            -2.5482525
          ],
          [
            36.7863223,
            -2.5481728
          ],
          [
            36.7863568,
            -2.5481192
          ],
          [
            36.7864021,
            -2.548077
          ],
          [
            36.7864292,
            -2.5480542
          ],
          [
            36.7864594,
            -2.5480358
          ],
          [
            36.7865221,
            -2.5480127
          ],
          [
            36.7866509,
            -2.548008
          ]
        ]
      },
      "id": "way/903819491"
    },
    {
      "type": "Feature",
      "properties": {
        "@id": "way/903819492",
        "barrier": "fence"
      },
      "geometry": {
        "type": "LineString",
        "coordinates": [
          [
            36.7845346,
            -2.5504973
          ],
          [
            36.7844126,
            -2.5504169
          ],
          [
            36.7843764,
            -2.5503191
          ],
          [
            36.7843455,
            -2.550232
          ],
          [
            36.7842878,
            -2.5501275
          ],
          [
            36.7842261,
            -2.550023
          ],
          [
            36.7841591,
            -2.5499238
          ],
          [
            36.7841215,
            -2.5498783
          ],
          [
            36.7840572,
            -2.5497979
          ],
          [
            36.7840102,
            -2.5497349
          ],
          [
            36.7839673,
            -2.5496586
          ],
          [
            36.7839244,
            -2.5495527
          ],
          [
            36.7838922,
            -2.5494576
          ],
          [
            36.783864,
            -2.5493705
          ],
          [
            36.783852,
            -2.5493116
          ],
          [
            36.7838399,
            -2.5492432
          ],
          [
            36.7838292,
            -2.5491361
          ],
          [
            36.7838225,
            -2.5490731
          ],
          [
            36.7838238,
            -2.548994
          ],
          [
            36.7838319,
            -2.5488855
          ],
          [
            36.7838453,
            -2.5488118
          ],
          [
            36.7838654,
            -2.5487114
          ],
          [
            36.7838788,
            -2.5486645
          ],
          [
            36.7839016,
            -2.5486068
          ],
          [
            36.7839231,
            -2.5485372
          ],
          [
            36.7839901,
            -2.5484246
          ],
          [
            36.7840464,
            -2.5483349
          ],
          [
            36.7840867,
            -2.5482679
          ],
          [
            36.7841403,
            -2.5481875
          ],
          [
            36.7842033,
            -2.5481058
          ],
          [
            36.7842677,
            -2.5480133
          ],
          [
            36.7843482,
            -2.5479303
          ],
          [
            36.7844407,
            -2.5478485
          ],
          [
            36.7845024,
            -2.547803
          ],
          [
            36.784611,
            -2.5477454
          ],
          [
            36.7846996,
            -2.5477186
          ],
          [
            36.7848028,
            -2.5476918
          ],
          [
            36.7849021,
            -2.5476824
          ],
          [
            36.7849906,
            -2.5476851
          ],
          [
            36.7851971,
            -2.5476904
          ],
          [
            36.7854103,
            -2.5477146
          ],
          [
            36.7857148,
            -2.5477494
          ],
          [
            36.7864081,
            -2.5478124
          ],
          [
            36.7869888,
            -2.547874
          ],
          [
            36.7872503,
            -2.5478981
          ],
          [
            36.7877734,
            -2.5479396
          ],
          [
            36.7878632,
            -2.5479477
          ],
          [
            36.7880872,
            -2.5479678
          ],
          [
            36.7882334,
            -2.5479731
          ],
          [
            36.7883541,
            -2.5479611
          ],
          [
            36.7885324,
            -2.5479102
          ],
          [
            36.7886625,
            -2.5478325
          ],
          [
            36.7888047,
            -2.5477105
          ],
          [
            36.7888972,
            -2.5475819
          ],
          [
            36.7891091,
            -2.5472965
          ],
          [
            36.7891856,
            -2.5471652
          ],
          [
            36.7892593,
            -2.5470005
          ],
          [
            36.7893036,
            -2.5468464
          ],
          [
            36.7893331,
            -2.5466401
          ],
          [
            36.7893344,
            -2.5464806
          ],
          [
            36.7893237,
            -2.5463466
          ],
          [
            36.7892969,
            -2.5462314
          ],
          [
            36.789266,
            -2.5461015
          ],
          [
            36.7892352,
            -2.5460077
          ],
          [
            36.7891909,
            -2.5459273
          ],
          [
            36.7891453,
            -2.5458456
          ],
          [
            36.7890823,
            -2.5457625
          ],
          [
            36.789026,
            -2.5456741
          ],
          [
            36.788967,
            -2.5455709
          ],
          [
            36.7889227,
            -2.5454744
          ],
          [
            36.7888878,
            -2.5453713
          ],
          [
            36.7888637,
            -2.5452829
          ],
          [
            36.7888556,
            -2.5450886
          ]
        ]
      },
      "id": "way/903819492"
    },
    {
      "type": "Feature",
      "properties": {
        "@id": "way/903819493",
        "barrier": "fence"
      },
      "geometry": {
        "type": "LineString",
        "coordinates": [
          [
            36.7846714,
            -2.5505937
          ],
          [
            36.7845802,
            -2.5505375
          ]
        ]
      },
      "id": "way/903819493"
    },
    {
      "type": "Feature",
      "properties": {
        "@id": "way/1096205589",
        "barrier": "fence"
      },
      "geometry": {
        "type": "LineString",
        "coordinates": [
          [
            36.7349932,
            -2.0721717
          ],
          [
            36.7349844,
            -2.0721905
          ],
          [
            36.7350267,
            -2.0722956
          ],
          [
            36.7353502,
            -2.0721986
          ],
          [
            36.7352231,
            -2.0718607
          ],
          [
            36.7349004,
            -2.07195
          ],
          [
            36.7349535,
            -2.0721209
          ],
          [
            36.7349759,
            -2.0721278
          ]
        ]
      },
      "id": "way/1096205589"
    },
    {
      "type": "Feature",
      "properties": {
        "@id": "way/1098257979",
        "barrier": "fence"
      },
      "geometry": {
        "type": "LineString",
        "coordinates": [
          [
            36.8241955,
            -2.2035165
          ],
          [
            36.8244372,
            -2.2034267
          ],
          [
            36.8242714,
            -2.2030242
          ],
          [
            36.8240694,
            -2.2030942
          ],
          [
            36.8239912,
            -2.2028923
          ],
          [
            36.8232872,
            -2.2031012
          ],
          [
            36.8231004,
            -2.2032727
          ]
        ]
      },
      "id": "way/1098257979"
    },
    {
      "type": "Feature",
      "properties": {
        "@id": "way/1098257980",
        "barrier": "fence"
      },
      "geometry": {
        "type": "LineString",
        "coordinates": [
          [
            36.8231132,
            -2.203303
          ],
          [
            36.823293,
            -2.203737
          ],
          [
            36.8232673,
            -2.2037498
          ],
          [
            36.8233164,
            -2.2038618
          ],
          [
            36.8241208,
            -2.2035457
          ]
        ]
      },
      "id": "way/1098257980"
    },
    {
      "type": "Feature",
      "properties": {
        "@id": "way/1098257997",
        "barrier": "fence"
      },
      "geometry": {
        "type": "LineString",
        "coordinates": [
          [
            36.8244425,
            -2.2042835
          ],
          [
            36.8242709,
            -2.2043472
          ],
          [
            36.8243259,
            -2.2044785
          ],
          [
            36.8244975,
            -2.2044128
          ],
          [
            36.8244486,
            -2.2042983
          ]
        ]
      },
      "id": "way/1098257997"
    },
    {
      "type": "Feature",
      "properties": {
        "@id": "way/1124367718",
        "barrier": "wall"
      },
      "geometry": {
        "type": "LineString",
        "coordinates": [
          [
            36.7823225,
            -2.3208078
          ],
          [
            36.7821876,
            -2.3208981
          ]
        ]
      },
      "id": "way/1124367718"
    },
    {
      "type": "Feature",
      "properties": {
        "@id": "way/1124367719",
        "barrier": "wall"
      },
      "geometry": {
        "type": "LineString",
        "coordinates": [
          [
            36.782123,
            -2.3209346
          ],
          [
            36.7818941,
            -2.3210771
          ],
          [
            36.7819295,
            -2.3211495
          ]
        ]
      },
      "id": "way/1124367719"
    },
    {
      "type": "Feature",
      "properties": {
        "@id": "way/1124367753",
        "barrier": "wall"
      },
      "geometry": {
        "type": "LineString",
        "coordinates": [
          [
            36.7828374,
            -2.3211249
          ],
          [
            36.7825676,
            -2.3206546
          ],
          [
            36.7824001,
            -2.3207585
          ]
        ]
      },
      "id": "way/1124367753"
    },
    {
      "type": "Feature",
      "properties": {
        "@id": "way/1124606148",
        "barrier": "fence"
      },
      "geometry": {
        "type": "LineString",
        "coordinates": [
          [
            36.8186033,
            -2.3240703
          ],
          [
            36.8186998,
            -2.3242216
          ]
        ]
      },
      "id": "way/1124606148"
    },
    {
      "type": "Feature",
      "properties": {
        "@id": "way/1124606149",
        "barrier": "fence"
      },
      "geometry": {
        "type": "LineString",
        "coordinates": [
          [
            36.818645,
            -2.324246
          ],
          [
            36.8186998,
            -2.3242216
          ]
        ]
      },
      "id": "way/1124606149"
    },
    {
      "type": "Feature",
      "properties": {
        "@id": "way/1124606150",
        "barrier": "fence"
      },
      "geometry": {
        "type": "LineString",
        "coordinates": [
          [
            36.8186998,
            -2.3242216
          ],
          [
            36.8190261,
            -2.3240794
          ],
          [
            36.8190627,
            -2.3240703
          ],
          [
            36.8191301,
            -2.3240331
          ],
          [
            36.8191051,
            -2.3239908
          ]
        ]
      },
      "id": "way/1124606150"
    },
    {
      "type": "Feature",
      "properties": {
        "@id": "way/1124606151",
        "barrier": "fence"
      },
      "geometry": {
        "type": "LineString",
        "coordinates": [
          [
            36.819068,
            -2.3239323
          ],
          [
            36.8190271,
            -2.3238673
          ],
          [
            36.8189051,
            -2.3236991
          ]
        ]
      },
      "id": "way/1124606151"
    },
    {
      "type": "Feature",
      "properties": {
        "@id": "way/1124606152",
        "barrier": "fence"
      },
      "geometry": {
        "type": "LineString",
        "coordinates": [
          [
            36.818824,
            -2.3236953
          ],
          [
            36.818702,
            -2.3237569
          ]
        ]
      },
      "id": "way/1124606152"
    },
    {
      "type": "Feature",
      "properties": {
        "@id": "way/1124606153",
        "barrier": "fence"
      },
      "geometry": {
        "type": "LineString",
        "coordinates": [
          [
            36.818702,
            -2.3237569
          ],
          [
            36.8185069,
            -2.323848
          ]
        ]
      },
      "id": "way/1124606153"
    },
    {
      "type": "Feature",
      "properties": {
        "@id": "way/1124606154",
        "barrier": "fence"
      },
      "geometry": {
        "type": "LineString",
        "coordinates": [
          [
            36.8185069,
            -2.323848
          ],
          [
            36.8184472,
            -2.3238741
          ]
        ]
      },
      "id": "way/1124606154"
    },
    {
      "type": "Feature",
      "properties": {
        "@id": "way/1124606155",
        "barrier": "fence"
      },
      "geometry": {
        "type": "LineString",
        "coordinates": [
          [
            36.818702,
            -2.3237569
          ],
          [
            36.8187972,
            -2.3239204
          ]
        ]
      },
      "id": "way/1124606155"
    },
    {
      "type": "Feature",
      "properties": {
        "@id": "way/1124606156",
        "barrier": "fence"
      },
      "geometry": {
        "type": "LineString",
        "coordinates": [
          [
            36.8185069,
            -2.323848
          ],
          [
            36.818527,
            -2.3238896
          ]
        ]
      },
      "id": "way/1124606156"
    },
    {
      "type": "Feature",
      "properties": {
        "@id": "way/1153314195",
        "barrier": "wall"
      },
      "geometry": {
        "type": "LineString",
        "coordinates": [
          [
            36.7971942,
            -2.0041838
          ],
          [
            36.7971967,
            -2.0042818
          ],
          [
            36.797335,
            -2.0042783
          ],
          [
            36.797331,
            -2.004122
          ],
          [
            36.797239,
            -2.0041243
          ]
        ]
      },
      "id": "way/1153314195"
    },
    {
      "type": "Feature",
      "properties": {
        "@id": "way/1153657044",
        "barrier": "fence"
      },
      "geometry": {
        "type": "LineString",
        "coordinates": [
          [
            36.7866084,
            -1.9575811
          ],
          [
            36.7866683,
            -1.9571614
          ],
          [
            36.785842,
            -1.9571461
          ],
          [
            36.7857206,
            -1.9580405
          ],
          [
            36.7865358,
            -1.9581431
          ],
          [
            36.7865376,
            -1.9581285
          ]
        ]
      },
      "id": "way/1153657044"
    },
    {
      "type": "Feature",
      "properties": {
        "@id": "way/1155451835",
        "barrier": "fence"
      },
      "geometry": {
        "type": "LineString",
        "coordinates": [
          [
            36.7736904,
            -1.8932107
          ],
          [
            36.7733041,
            -1.8928247
          ],
          [
            36.7729836,
            -1.8931423
          ],
          [
            36.7731486,
            -1.8933099
          ]
        ]
      },
      "id": "way/1155451835"
    },
    {
      "type": "Feature",
      "properties": {
        "@id": "way/1155451836",
        "barrier": "fence"
      },
      "geometry": {
        "type": "LineString",
        "coordinates": [
          [
            36.7732646,
            -1.8934292
          ],
          [
            36.7734892,
            -1.893653
          ],
          [
            36.7736748,
            -1.8934673
          ]
        ]
      },
      "id": "way/1155451836"
    },
    {
      "type": "Feature",
      "properties": {
        "@id": "way/1155459552",
        "barrier": "fence"
      },
      "geometry": {
        "type": "LineString",
        "coordinates": [
          [
            36.7639308,
            -1.8992807
          ],
          [
            36.7638128,
            -1.8993075
          ],
          [
            36.7638803,
            -1.8999957
          ]
        ]
      },
      "id": "way/1155459552"
    },
    {
      "type": "Feature",
      "properties": {
        "@id": "way/1155459553",
        "barrier": "fence"
      },
      "geometry": {
        "type": "LineString",
        "coordinates": [
          [
            36.7638872,
            -1.9001158
          ],
          [
            36.763898,
            -1.9002259
          ],
          [
            36.7641057,
            -1.9002079
          ]
        ]
      },
      "id": "way/1155459553"
    },
    {
      "type": "Feature",
      "properties": {
        "@id": "way/1155459554",
        "barrier": "fence"
      },
      "geometry": {
        "type": "LineString",
        "coordinates": [
          [
            36.7641322,
            -1.9002038
          ],
          [
            36.7643263,
            -1.9001855
          ]
        ]
      },
      "id": "way/1155459554"
    },
    {
      "type": "Feature",
      "properties": {
        "@id": "way/1155459555",
        "barrier": "fence"
      },
      "geometry": {
        "type": "LineString",
        "coordinates": [
          [
            36.7643547,
            -1.9001815
          ],
          [
            36.7650255,
            -1.9001104
          ]
        ]
      },
      "id": "way/1155459555"
    },
    {
      "type": "Feature",
      "properties": {
        "@id": "way/1155459558",
        "barrier": "fence"
      },
      "geometry": {
        "type": "LineString",
        "coordinates": [
          [
            36.7650443,
            -1.9001091
          ],
          [
            36.765257,
            -1.9000899
          ]
        ]
      },
      "id": "way/1155459558"
    },
    {
      "type": "Feature",
      "properties": {
        "@id": "way/1155459559",
        "barrier": "fence"
      },
      "geometry": {
        "type": "LineString",
        "coordinates": [
          [
            36.765257,
            -1.9000899
          ],
          [
            36.7650259,
            -1.8993526
          ]
        ]
      },
      "id": "way/1155459559"
    },
    {
      "type": "Feature",
      "properties": {
        "@id": "way/1155459562",
        "barrier": "fence"
      },
      "geometry": {
        "type": "LineString",
        "coordinates": [
          [
            36.7649968,
            -1.8992709
          ],
          [
            36.7649559,
            -1.8991297
          ]
        ]
      },
      "id": "way/1155459562"
    },
    {
      "type": "Feature",
      "properties": {
        "@id": "way/1155459563",
        "barrier": "fence"
      },
      "geometry": {
        "type": "LineString",
        "coordinates": [
          [
            36.7649355,
            -1.8990562
          ],
          [
            36.7641727,
            -1.8991668
          ]
        ]
      },
      "id": "way/1155459563"
    },
    {
      "type": "Feature",
      "properties": {
        "@id": "way/1155459564",
        "barrier": "fence"
      },
      "geometry": {
        "type": "LineString",
        "coordinates": [
          [
            36.7641245,
            -1.8991695
          ],
          [
            36.764093,
            -1.899173
          ]
        ]
      },
      "id": "way/1155459564"
    },
    {
      "type": "Feature",
      "properties": {
        "@id": "way/1163968522",
        "barrier": "wall"
      },
      "geometry": {
        "type": "LineString",
        "coordinates": [
          [
            36.8030132,
            -1.9640983
          ],
          [
            36.8029782,
            -1.9641007
          ]
        ]
      },
      "id": "way/1163968522"
    },
    {
      "type": "Feature",
      "properties": {
        "@id": "way/1163968523",
        "barrier": "wall"
      },
      "geometry": {
        "type": "LineString",
        "coordinates": [
          [
            36.8029233,
            -1.9641707
          ],
          [
            36.802921,
            -1.9642173
          ]
        ]
      },
      "id": "way/1163968523"
    },
    {
      "type": "Feature",
      "properties": {
        "@id": "way/1163968524",
        "barrier": "wall"
      },
      "geometry": {
        "type": "LineString",
        "coordinates": [
          [
            36.8021235,
            -1.96521
          ],
          [
            36.8020821,
            -1.9652169
          ]
        ]
      },
      "id": "way/1163968524"
    },
    {
      "type": "Feature",
      "properties": {
        "@id": "way/1163968525",
        "barrier": "wall"
      },
      "geometry": {
        "type": "LineString",
        "coordinates": [
          [
            36.8020291,
            -1.9652965
          ],
          [
            36.8020242,
            -1.9653507
          ]
        ]
      },
      "id": "way/1163968525"
    },
    {
      "type": "Feature",
      "properties": {
        "@id": "way/1163968526",
        "barrier": "wall"
      },
      "geometry": {
        "type": "LineString",
        "coordinates": [
          [
            36.8010552,
            -1.966844
          ],
          [
            36.8010195,
            -1.9668471
          ]
        ]
      },
      "id": "way/1163968526"
    },
    {
      "type": "Feature",
      "properties": {
        "@id": "way/1163968527",
        "barrier": "wall"
      },
      "geometry": {
        "type": "LineString",
        "coordinates": [
          [
            36.8009717,
            -1.9669249
          ],
          [
            36.8009761,
            -1.9669673
          ]
        ]
      },
      "id": "way/1163968527"
    },
    {
      "type": "Feature",
      "properties": {
        "@id": "way/1178241271",
        "barrier": "fence"
      },
      "geometry": {
        "type": "LineString",
        "coordinates": [
          [
            36.8312373,
            -1.8317571
          ],
          [
            36.8320086,
            -1.8329363
          ],
          [
            36.8324831,
            -1.8328147
          ],
          [
            36.8319166,
            -1.8315006
          ]
        ]
      },
      "id": "way/1178241271"
    },
    {
      "type": "Feature",
      "properties": {
        "@id": "way/1272142139",
        "barrier": "wall"
      },
      "geometry": {
        "type": "LineString",
        "coordinates": [
          [
            36.8652457,
            -1.9309187
          ],
          [
            36.8653069,
            -1.9309075
          ]
        ]
      },
      "id": "way/1272142139"
    },
    {
      "type": "Feature",
      "properties": {
        "@id": "way/1272142140",
        "barrier": "wall"
      },
      "geometry": {
        "type": "LineString",
        "coordinates": [
          [
            36.865323,
            -1.9308675
          ],
          [
            36.8653116,
            -1.9308221
          ]
        ]
      },
      "id": "way/1272142140"
    },
    {
      "type": "Feature",
      "properties": {
        "@id": "way/1272142141",
        "barrier": "wall"
      },
      "geometry": {
        "type": "LineString",
        "coordinates": [
          [
            36.8653063,
            -1.9308084
          ],
          [
            36.8652979,
            -1.9307766
          ],
          [
            36.8652175,
            -1.9307949
          ]
        ]
      },
      "id": "way/1272142141"
    },
    {
      "type": "Feature",
      "properties": {
        "@id": "way/1272566506",
        "barrier": "fence"
      },
      "geometry": {
        "type": "LineString",
        "coordinates": [
          [
            36.8597913,
            -1.9089723
          ],
          [
            36.8600645,
            -1.9090761
          ],
          [
            36.8601485,
            -1.9087634
          ],
          [
            36.8597796,
            -1.9086199
          ],
          [
            36.859671,
            -1.9089245
          ],
          [
            36.8597574,
            -1.9089595
          ]
        ]
      },
      "id": "way/1272566506"
    },
    {
      "type": "Feature",
      "properties": {
        "@id": "way/1274600187",
        "barrier": "wall"
      },
      "geometry": {
        "type": "LineString",
        "coordinates": [
          [
            36.8628519,
            -1.8773951
          ],
          [
            36.8629103,
            -1.8773683
          ],
          [
            36.8628402,
            -1.8772037
          ]
        ]
      },
      "id": "way/1274600187"
    },
    {
      "type": "Feature",
      "properties": {
        "@id": "way/1274600189",
        "barrier": "wall"
      },
      "geometry": {
        "type": "LineString",
        "coordinates": [
          [
            36.8626623,
            -1.8779117
          ],
          [
            36.8627917,
            -1.8778467
          ]
        ]
      },
      "id": "way/1274600189"
    },
    {
      "type": "Feature",
      "properties": {
        "@id": "way/1274600190",
        "barrier": "wall"
      },
      "geometry": {
        "type": "LineString",
        "coordinates": [
          [
            36.8628165,
            -1.87783
          ],
          [
            36.8627742,
            -1.8777549
          ]
        ]
      },
      "id": "way/1274600190"
    },
    {
      "type": "Feature",
      "properties": {
        "@id": "way/1274600191",
        "barrier": "wall"
      },
      "geometry": {
        "type": "LineString",
        "coordinates": [
          [
            36.862842,
            -1.8778856
          ],
          [
            36.8628788,
            -1.877966
          ]
        ]
      },
      "id": "way/1274600191"
    },
    {
      "type": "Feature",
      "properties": {
        "@id": "way/1274988327",
        "barrier": "wall"
      },
      "geometry": {
        "type": "LineString",
        "coordinates": [
          [
            36.8677805,
            -1.8795058
          ],
          [
            36.86781,
            -1.8794865
          ],
          [
            36.8678273,
            -1.8794012
          ],
          [
            36.8678232,
            -1.8793829
          ]
        ]
      },
      "id": "way/1274988327"
    },
    {
      "type": "Feature",
      "properties": {
        "@id": "way/1274988329",
        "barrier": "wall"
      },
      "geometry": {
        "type": "LineString",
        "coordinates": [
          [
            36.8678344,
            -1.8793382
          ],
          [
            36.8678435,
            -1.8793331
          ],
          [
            36.8678501,
            -1.8793037
          ]
        ]
      },
      "id": "way/1274988329"
    },
    {
      "type": "Feature",
      "properties": {
        "@id": "way/1277842470",
        "barrier": "fence"
      },
      "geometry": {
        "type": "LineString",
        "coordinates": [
          [
            36.8875089,
            -1.8978881
          ],
          [
            36.8875384,
            -1.8978881
          ],
          [
            36.887696,
            -1.8976857
          ],
          [
            36.8872092,
            -1.8972317
          ],
          [
            36.8868379,
            -1.8975922
          ]
        ]
      },
      "id": "way/1277842470"
    },
    {
      "type": "Feature",
      "properties": {
        "@id": "way/1277842471",
        "barrier": "fence"
      },
      "geometry": {
        "type": "LineString",
        "coordinates": [
          [
            36.8868379,
            -1.8975922
          ],
          [
            36.8872267,
            -1.8979411
          ]
        ]
      },
      "id": "way/1277842471"
    },
    {
      "type": "Feature",
      "properties": {
        "@id": "way/1277842472",
        "barrier": "fence"
      },
      "geometry": {
        "type": "LineString",
        "coordinates": [
          [
            36.8872267,
            -1.8979411
          ],
          [
            36.8873843,
            -1.8980835
          ],
          [
            36.8874994,
            -1.8979432
          ],
          [
            36.8874868,
            -1.8979182
          ]
        ]
      },
      "id": "way/1277842472"
    },
    {
      "type": "Feature",
      "properties": {
        "@id": "way/1277842473",
        "barrier": "fence"
      },
      "geometry": {
        "type": "LineString",
        "coordinates": [
          [
            36.8868379,
            -1.8975922
          ],
          [
            36.8865882,
            -1.8978416
          ]
        ]
      },
      "id": "way/1277842473"
    },
    {
      "type": "Feature",
      "properties": {
        "@id": "way/1277842474",
        "barrier": "fence"
      },
      "geometry": {
        "type": "LineString",
        "coordinates": [
          [
            36.886613,
            -1.897877
          ],
          [
            36.8869846,
            -1.8982396
          ],
          [
            36.8872267,
            -1.8979411
          ]
        ]
      },
      "id": "way/1277842474"
    },
    {
      "type": "Feature",
      "properties": {
        "@id": "way/1290829495",
        "barrier": "wall"
      },
      "geometry": {
        "type": "LineString",
        "coordinates": [
          [
            36.7966363,
            -1.9587571
          ],
          [
            36.7966223,
            -1.9587745
          ],
          [
            36.7966873,
            -1.9588878
          ],
          [
            36.7970387,
            -1.9586773
          ],
          [
            36.7969032,
            -1.9584425
          ]
        ]
      },
      "id": "way/1290829495"
    },
    {
      "type": "Feature",
      "properties": {
        "@id": "way/1290829496",
        "barrier": "wall"
      },
      "geometry": {
        "type": "LineString",
        "coordinates": [
          [
            36.7965792,
            -1.9586999
          ],
          [
            36.7965947,
            -1.9587303
          ],
          [
            36.7966189,
            -1.9587256
          ]
        ]
      },
      "id": "way/1290829496"
    },
    {
      "type": "Feature",
      "properties": {
        "@id": "way/1291256410",
        "barrier": "fence"
      },
      "geometry": {
        "type": "LineString",
        "coordinates": [
          [
            36.9742687,
            -2.588708
          ],
          [
            36.9756891,
            -2.589616
          ],
          [
            36.97519,
            -2.5905055
          ],
          [
            36.9749589,
            -2.5909025
          ],
          [
            36.973557,
            -2.5900684
          ],
          [
            36.9742687,
            -2.588708
          ]
        ]
      },
      "id": "way/1291256410"
    },
    {
      "type": "Feature",
      "properties": {
        "@id": "way/1298162768",
        "barrier": "fence"
      },
      "geometry": {
        "type": "LineString",
        "coordinates": [
          [
            36.803884,
            -1.9596501
          ],
          [
            36.8046243,
            -1.9596152
          ],
          [
            36.8044151,
            -1.9587253
          ]
        ]
      },
      "id": "way/1298162768"
    },
    {
      "type": "Feature",
      "properties": {
        "@id": "way/1298162769",
        "barrier": "fence"
      },
      "geometry": {
        "type": "LineString",
        "coordinates": [
          [
            36.8043534,
            -1.9584304
          ],
          [
            36.8041495,
            -1.9575726
          ],
          [
            36.8033905,
            -1.9575726
          ]
        ]
      },
      "id": "way/1298162769"
    },
    {
      "type": "Feature",
      "properties": {
        "@id": "way/1300575718",
        "barrier": "wall"
      },
      "geometry": {
        "type": "LineString",
        "coordinates": [
          [
            36.8093525,
            -2.0335628
          ],
          [
            36.8093711,
            -2.0335433
          ],
          [
            36.8093799,
            -2.0335283
          ],
          [
            36.8093808,
            -2.0335106
          ]
        ]
      },
      "id": "way/1300575718"
    },
    {
      "type": "Feature",
      "properties": {
        "@id": "way/1300575719",
        "barrier": "wall"
      },
      "geometry": {
        "type": "LineString",
        "coordinates": [
          [
            36.809422,
            -2.0335075
          ],
          [
            36.8094277,
            -2.0335217
          ],
          [
            36.809441,
            -2.0335332
          ],
          [
            36.8094649,
            -2.033538
          ]
        ]
      },
      "id": "way/1300575719"
    },
    {
      "type": "Feature",
      "properties": {
        "@id": "way/1306404189",
        "barrier": "wall"
      },
      "geometry": {
        "type": "LineString",
        "coordinates": [
          [
            37.0609287,
            -2.0003998
          ],
          [
            37.0609104,
            -2.0004108
          ],
          [
            37.0608992,
            -2.0004261
          ],
          [
            37.0608901,
            -2.0004515
          ],
          [
            37.0608901,
            -2.000551
          ]
        ]
      },
      "id": "way/1306404189"
    },
    {
      "type": "Feature",
      "properties": {
        "@id": "way/1362326312",
        "barrier": "fence"
      },
      "geometry": {
        "type": "LineString",
        "coordinates": [
          [
            36.782877,
            -1.8440664
          ],
          [
            36.7826812,
            -1.8442165
          ],
          [
            36.7823218,
            -1.8442781
          ],
          [
            36.7821193,
            -1.8443076
          ],
          [
            36.7819583,
            -1.8442393
          ],
          [
            36.7816606,
            -1.8440623
          ],
          [
            36.7813522,
            -1.8438559
          ],
          [
            36.7817572,
            -1.8435007
          ],
          [
            36.7822427,
            -1.843112
          ],
          [
            36.7824063,
            -1.842978
          ],
          [
            36.782598,
            -1.8428332
          ],
          [
            36.7827281,
            -1.8429498
          ],
          [
            36.7828998,
            -1.8431911
          ],
          [
            36.7832082,
            -1.8435892
          ],
          [
            36.7832968,
            -1.8437205
          ],
          [
            36.7832109,
            -1.8437782
          ],
          [
            36.7831774,
            -1.8437996
          ],
          [
            36.7831627,
            -1.8438532
          ],
          [
            36.78294,
            -1.8440275
          ],
          [
            36.782877,
            -1.8440664
          ]
        ]
      },
      "id": "way/1362326312"
    },
    {
      "type": "Feature",
      "properties": {
        "@id": "way/1372940603",
        "barrier": "wall"
      },
      "geometry": {
        "type": "LineString",
        "coordinates": [
          [
            37.092134,
            -1.9425241
          ],
          [
            37.0921794,
            -1.9426693
          ]
        ]
      },
      "id": "way/1372940603"
    },
    {
      "type": "Feature",
      "properties": {
        "@id": "way/1372941569",
        "barrier": "wall"
      },
      "geometry": {
        "type": "LineString",
        "coordinates": [
          [
            37.0929432,
            -1.94655
          ],
          [
            37.092945,
            -1.9465932
          ],
          [
            37.0930238,
            -1.9465862
          ],
          [
            37.0930238,
            -1.946648
          ]
        ]
      },
      "id": "way/1372941569"
    },
    {
      "type": "Feature",
      "properties": {
        "@id": "way/1390875814",
        "barrier": "wall"
      },
      "geometry": {
        "type": "LineString",
        "coordinates": [
          [
            37.1275858,
            -1.8458769
          ],
          [
            37.1273324,
            -1.8459171
          ],
          [
            37.1274343,
            -1.8464935
          ],
          [
            37.1278299,
            -1.8464251
          ],
          [
            37.1277307,
            -1.8458554
          ]
        ]
      },
      "id": "way/1390875814"
    },
    {
      "type": "Feature",
      "properties": {
        "@id": "way/1390875815",
        "barrier": "wall"
      },
      "geometry": {
        "type": "LineString",
        "coordinates": [
          [
            37.1277307,
            -1.8458554
          ],
          [
            37.1275858,
            -1.8458769
          ]
        ]
      },
      "id": "way/1390875815"
    },
    {
      "type": "Feature",
      "properties": {
        "@id": "way/1390875816",
        "barrier": "wall"
      },
      "geometry": {
        "type": "LineString",
        "coordinates": [
          [
            37.1277307,
            -1.8458554
          ],
          [
            37.1276958,
            -1.8456477
          ],
          [
            37.1275496,
            -1.8456718
          ],
          [
            37.1275858,
            -1.8458769
          ]
        ]
      },
      "id": "way/1390875816"
    },
    {
      "type": "Feature",
      "properties": {
        "@id": "way/1390883342",
        "barrier": "wall"
      },
      "geometry": {
        "type": "LineString",
        "coordinates": [
          [
            37.1359546,
            -1.8741708
          ],
          [
            37.1365046,
            -1.8745819
          ],
          [
            37.1366386,
            -1.8743848
          ]
        ]
      },
      "id": "way/1390883342"
    },
    {
      "type": "Feature",
      "properties": {
        "@id": "way/1390883344",
        "barrier": "wall"
      },
      "geometry": {
        "type": "LineString",
        "coordinates": [
          [
            37.1374695,
            -1.8732715
          ],
          [
            37.1369015,
            -1.8728417
          ]
        ]
      },
      "id": "way/1390883344"
    },
    {
      "type": "Feature",
      "properties": {
        "@id": "way/1412830569",
        "barrier": "wall"
      },
      "geometry": {
        "type": "LineString",
        "coordinates": [
          [
            36.7967128,
            -2.081858
          ],
          [
            36.7967205,
            -2.0818741
          ],
          [
            36.7973821,
            -2.081968
          ],
          [
            36.7974752,
            -2.0812295
          ],
          [
            36.7966719,
            -2.0810834
          ],
          [
            36.796636,
            -2.0818607
          ],
          [
            36.7966668,
            -2.0818647
          ],
          [
            36.7966797,
            -2.0818526
          ]
        ]
      },
      "id": "way/1412830569"
    },
    {
      "type": "Feature",
      "properties": {
        "@id": "way/1412830581",
        "barrier": "wall"
      },
      "geometry": {
        "type": "LineString",
        "coordinates": [
          [
            36.7949415,
            -2.083478
          ],
          [
            36.7948462,
            -2.0834713
          ],
          [
            36.7948388,
            -2.083618
          ],
          [
            36.7949756,
            -2.0836261
          ],
          [
            36.7949792,
            -2.0835344
          ]
        ]
      },
      "id": "way/1412830581"
    },
    {
      "type": "Feature",
      "properties": {
        "@id": "way/1412834349",
        "barrier": "wall"
      },
      "geometry": {
        "type": "LineString",
        "coordinates": [
          [
            36.7980078,
            -2.0845344
          ],
          [
            36.7979923,
            -2.084515
          ],
          [
            36.7979755,
            -2.0845194
          ],
          [
            36.7981035,
            -2.0851282
          ],
          [
            36.7986335,
            -2.0850235
          ],
          [
            36.7985091,
            -2.084406
          ],
          [
            36.7981123,
            -2.084481
          ]
        ]
      },
      "id": "way/1412834349"
    },
    {
      "type": "Feature",
      "properties": {
        "@id": "way/1444846965",
        "barrier": "wall"
      },
      "geometry": {
        "type": "LineString",
        "coordinates": [
          [
            37.1743889,
            -1.9485382
          ],
          [
            37.1743708,
            -1.9485241
          ],
          [
            37.1742997,
            -1.9486387
          ],
          [
            37.174352,
            -1.948679
          ],
          [
            37.1744244,
            -1.9485637
          ],
          [
            37.1744077,
            -1.9485516
          ]
        ]
      },
      "id": "way/1444846965"
    },
    {
      "type": "Feature",
      "properties": {
        "@id": "way/1491632472",
        "barrier": "fence"
      },
      "geometry": {
        "type": "LineString",
        "coordinates": [
          [
            36.7915993,
            -2.1153306
          ],
          [
            36.7914082,
            -2.1166632
          ],
          [
            36.7934633,
            -2.1166408
          ],
          [
            36.7934348,
            -2.1159075
          ],
          [
            36.7923128,
            -2.1159298
          ],
          [
            36.792329,
            -2.1153022
          ],
          [
            36.7916054,
            -2.1152879
          ]
        ]
      },
      "id": "way/1491632472"
    },
    {
      "type": "Feature",
      "properties": {
        "@id": "way/1491632478",
        "barrier": "fence"
      },
      "geometry": {
        "type": "LineString",
        "coordinates": [
          [
            36.7966352,
            -2.1115749
          ],
          [
            36.7966252,
            -2.1115749
          ],
          [
            36.7966175,
            -2.111588
          ],
          [
            36.7964712,
            -2.112253
          ],
          [
            36.7971274,
            -2.1124224
          ],
          [
            36.7973431,
            -2.1118389
          ],
          [
            36.7974725,
            -2.1114602
          ],
          [
            36.79734,
            -2.1113986
          ]
        ]
      },
      "id": "way/1491632478"
    },
    {
      "type": "Feature",
      "properties": {
        "@id": "way/1491632481",
        "barrier": "fence"
      },
      "geometry": {
        "type": "LineString",
        "coordinates": [
          [
            36.7970727,
            -2.1112724
          ],
          [
            36.7968571,
            -2.1111731
          ],
          [
            36.7967053,
            -2.1111846
          ],
          [
            36.7966414,
            -2.1114887
          ]
        ]
      },
      "id": "way/1491632481"
    },
    {
      "type": "Feature",
      "properties": {
        "@id": "way/1491635303",
        "barrier": "wall"
      },
      "geometry": {
        "type": "LineString",
        "coordinates": [
          [
            36.7994383,
            -2.1082634
          ],
          [
            36.7994577,
            -2.108251
          ],
          [
            36.7994728,
            -2.1082271
          ],
          [
            36.7994807,
            -2.1082006
          ],
          [
            36.7994843,
            -2.1081626
          ]
        ]
      },
      "id": "way/1491635303"
    },
    {
      "type": "Feature",
      "properties": {
        "@id": "way/1491635306",
        "barrier": "wall"
      },
      "geometry": {
        "type": "LineString",
        "coordinates": [
          [
            36.7995388,
            -2.1081646
          ],
          [
            36.7995388,
            -2.1081973
          ],
          [
            36.7995446,
            -2.1082123
          ],
          [
            36.7995577,
            -2.1082289
          ],
          [
            36.7995754,
            -2.1082366
          ],
          [
            36.7995958,
            -2.1082377
          ]
        ]
      },
      "id": "way/1491635306"
    },
    {
      "type": "Feature",
      "properties": {
        "@id": "way/1491635317",
        "barrier": "wall"
      },
      "geometry": {
        "type": "LineString",
        "coordinates": [
          [
            36.7983872,
            -2.1044079
          ],
          [
            36.7984,
            -2.104424
          ],
          [
            36.7984516,
            -2.1044448
          ]
        ]
      },
      "id": "way/1491635317"
    },
    {
      "type": "Feature",
      "properties": {
        "@id": "way/1491635319",
        "barrier": "wall"
      },
      "geometry": {
        "type": "LineString",
        "coordinates": [
          [
            36.7984432,
            -2.1044771
          ],
          [
            36.7984093,
            -2.1044732
          ],
          [
            36.7983808,
            -2.1044786
          ],
          [
            36.7983569,
            -2.1044894
          ]
        ]
      },
      "id": "way/1491635319"
    },
    {
      "type": "Feature",
      "properties": {
        "@id": "way/1498444950",
        "barrier": "wall"
      },
      "geometry": {
        "type": "LineString",
        "coordinates": [
          [
            36.8040027,
            -2.1000366
          ],
          [
            36.8040096,
            -2.1000105
          ]
        ]
      },
      "id": "way/1498444950"
    },
    {
      "type": "Feature",
      "properties": {
        "@id": "way/1498444951",
        "barrier": "wall"
      },
      "geometry": {
        "type": "LineString",
        "coordinates": [
          [
            36.8040505,
            -2.1000185
          ],
          [
            36.8040522,
            -2.1000446
          ]
        ]
      },
      "id": "way/1498444951"
    }
  ]
}